ProjectID,ProjectNam,ProjectMet,Status,Status_Rea,RiverBasin,CU,HUC,County,Ecoregion,GIS_Acres,Shape_STAr,Shape_STLe,BUFF_DIST,ORIG_FID
95756,601 East Stream Restoration Project,Full Delivery,Inactive,Long Term Mangement,Yadkin,03040105,03040105081010,Union,Southern Piedmont,12.774865970000000,556473.161442999960855,9225.423334369999793,1.000000000000000,1
95025,601 North II Stream Restoration Site,Full Delivery,Inactive,Long Term Mangement,Yadkin,03040105,03040105081010,Union,Southern Piedmont,12.310130579999999,536229.288093999959528,7917.467105230000016,1.000000000000000,2
92546,601 North Property,Full Delivery,Inactive,Long Term Mangement,Yadkin,03040105,03040105081010,Union,Southern Piedmont,8.458408640000000,368448.280245999980252,5682.180511389999992,1.000000000000000,3
92545,601 West Property,Full Delivery,Inactive,Long Term Mangement,Yadkin,03040105,03040105081010,Union,Southern Piedmont,12.816836080000000,558301.379513000021689,8448.669959990000280,1.000000000000000,4
9,Abbott,Design-Bid-Build,Inactive,Long Term Mangement,Neuse,03020201,03020201090010,Wake,Central Piedmont,5.583427210000000,243249.517993999994360,2209.084685110000009,1.000000000000000,5
6,ABC (G),Design-Bid-Build,Inactive,Long Term Mangement,Tar-Pamlico,03020104,03020104110010,Beaufort,Northern Outer Coastal Plain,195.820357800000011,8529934.785879999399185,13592.909517199999755,1.000000000000000,6
92244,Adam's Creek Sea Gate Woods,Design-Bid-Build,Inactive,Long Term Mangement,Neuse,03020204,03020204050050,Carteret,Southern Outer Coastal Plain,122.895391610000004,5353323.258410000242293,10927.749493299999813,1.000000000000000,7
7,Adkins Branch (Phase II) (G),Design-Bid-Build,Inactive,Long Term Mangement,Neuse,03020202,03020202060030,Lenoir,Southern Inner Coastal Plain,35.725366360000002,1556196.958689999999478,19703.524443099999189,1.000000000000000,8
95716,Agony Acres Mitigation Site,Full Delivery,Inactive,Long Term Mangement,Cape Fear,03030002,03030002020070,Guilford,Central Piedmont,30.736062520000001,1338862.883480000076815,20380.261313099999825,1.000000000000000,9
92139,Allen Tract,Design-Bid-Build,Inactive,Long Term Mangement,Tar-Pamlico,03020101,03020101130050,Franklin,Central Piedmont,146.521082059999998,6382458.334689999930561,30030.013155000000552,1.000000000000000,10
92526,Anderson Swamp,Full Delivery,Inactive,Long Term Mangement,Tar-Pamlico,03020102,03020102060010,Edgecombe,Northern Inner Coastal Plain,24.996750580000000,1088858.455409999936819,5602.810130709999612,1.000000000000000,11
92487,Armstrong Property,Full Delivery,Inactive,Long Term Mangement,Tar-Pamlico,03020104,03020104090010,Hyde,Northern Outer Coastal Plain,25.008318400000000,1089362.349369999952614,5090.190179700000044,1.000000000000000,12
96312,Aycock Springs Stream and Wetland,Full Delivery,Inactive,Long Term Mangement,Cape Fear,03030002,03030002030010,Alamance,Central Piedmont,13.248545590000001,577106.645800999947824,8437.774680900000021,1.000000000000000,13
17,Back Creek,Design-Bid-Build,Inactive,Long Term Mangement,Yadkin,03040105,03040105010050,Mecklenburg,Southern Piedmont,21.186040899999998,922863.941650999942794,7564.329175589999977,1.000000000000000,14
92666,Badin Inn,Full Delivery,Inactive,Long Term Mangement,Yadkin,03040104,03040104010010,Stanly,Southern Piedmont,8.244612410000000,359135.316404999990482,8475.706921850000072,1.000000000000000,15
19,Bailey Fork (EBX),Full Delivery,Inactive,Long Term Mangement,Catawba,03050101,03050101050050,Burke,Northern Mountains,64.858467140000002,2825234.828619999811053,30129.493572399998811,1.000000000000000,16
20,Bailey Fork (WRC),Full Delivery,Inactive,Long Term Mangement,Catawba,03050101,03050101050050,Burke,Northern Mountains,11.116343710000001,484227.931902999989688,8101.197214449999592,1.000000000000000,17
21,Ballance Farm,Design-Bid-Build,Inactive,Long Term Mangement,Pasquotank,03010205,03010205020010,Currituck,Northern Outer Coastal Plain,408.696540579999976,17802821.307599999010563,23952.056588700001157,1.000000000000000,18
92106,Barnes Creek Grissom,Design-Bid-Build,Inactive,Long Term Mangement,Yadkin,03040103,03040103050080,Montgomery,Southern Piedmont,55.874485520000000,2433892.589110000059009,12269.370039100000213,1.000000000000000,19
23,Barra Farms I,Full Delivery,Inactive,Long Term Mangement,Cape Fear,03030005,03030005010020,Cumberland,Southern Inner Coastal Plain,617.945171459999983,26917691.668900001794100,23107.670213699999294,1.000000000000000,20
24,Beamon's Run (G),Design-Bid-Build,Inactive,Long Term Mangement,Neuse,03020203,03020203050010,Greene,Northern Inner Coastal Plain,79.906491450000004,3480726.767459999769926,24381.672900800000207,1.000000000000000,21
95362,Bear Basin,Full Delivery,Inactive,Long Term Mangement,White Oak,03030001,03030001010010,Onslow,Southern Outer Coastal Plain,11.942308880000001,520206.975027000007685,3383.362833589999809,1.000000000000000,22
26,Bear Creek (Phillips Tract),Design-Bid-Build,Inactive,Long Term Mangement,Cape Fear,03030003,03030003070050,Chatham,Central Piedmont,15.701294380000000,683948.383166000014171,9099.130198569999266,1.000000000000000,23
27,Bear Swamp Creek,Design-Bid-Build,Inactive,Long Term Mangement,Tar-Pamlico,03020101,03020101040010,Franklin,Central Piedmont,4.188047680000000,182431.356766999990214,3249.888673980000021,1.000000000000000,24
28,Beaver Creek,Design-Bid-Build,Inactive,Long Term Mangement,Yadkin,03040101,03040101090030,Surry,Central Piedmont,12.380183069999999,538634.982798999990337,8570.658578259999558,1.000000000000000,25
92164,Beaver Dam-Drowning Creek II (Rankin Tract),Design-Bid-Build,Inactive,Long Term Mangement,Lumber,03040203,03040203010111,Moore,Southern Piedmont,912.301799970000047,39739866.406599998474121,73182.851242399992771,1.000000000000000,26
92217,Beaverdam Creek,Full Delivery,Inactive,Long Term Mangement,Catawba,03050101,03050101170040,Mecklenburg,Southern Piedmont,57.714278989999997,2514033.992829999886453,32686.928692199999205,1.000000000000000,27
92586,Beaverdam Creek and Trib (Parker Site),Full Delivery,Inactive,Long Term Mangement,Yadkin,03040105,03040105081030,Union,Southern Piedmont,6.515499650000000,283815.164738000021316,5154.487424130000363,1.000000000000000,28
92530,Beaverdam Swamp,Full Delivery,Inactive,Long Term Mangement,Cape Fear,03030004,03030004110020,Harnett,Southern Inner Coastal Plain,35.756500570000000,1557553.164820000063628,18259.978310599999531,1.000000000000000,29
29,Benbow Park,Design-Bid-Build,Inactive,Long Term Mangement,Cape Fear,03030002,03030002020050,Guilford,Central Piedmont,4.320449240000000,188198.768910999991931,3917.009907480000038,1.000000000000000,30
32,Benson Grove,Design-Bid-Build,Inactive,Long Term Mangement,Neuse,03020201,03020201130020,Johnston,Northern Inner Coastal Plain,94.015579149999994,4095318.627760000061244,13568.633543899999495,1.000000000000000,31
95353,Best Site,Full Delivery,Inactive,Long Term Mangement,Cape Fear,03030007,03030007060010,Duplin,Southern Inner Coastal Plain,142.051762340000010,6187774.767549999989569,51083.665293199999724,1.000000000000000,32
92132,Big & Little Rock Creek Bruchon,Design-Bid-Build,Inactive,Long Term Mangement,French Broad,06010108,06010108060020,Mitchell,Northern Mountains,145.655740369999990,6344764.050590000115335,12418.729681900000287,1.000000000000000,33
92214,Big Bull Creek (G),Full Delivery,Inactive,Long Term Mangement,Neuse,03020201,03020201110040,Johnston,Northern Inner Coastal Plain,36.759797399999997,1601256.774590000044554,10622.119479000000865,1.000000000000000,34
92532,Big Cedar Creek,Full Delivery,Inactive,Long Term Mangement,Yadkin,03040105,03040105060080,Stanly,Southern Piedmont,40.667379580000002,1771512.651439999928698,22894.009962100000848,1.000000000000000,35
92101,Big Pond Bay Gardner,Design-Bid-Build,Inactive,Long Term Mangement,Cape Fear,03030006,03030006040020,Cumberland,Southern Inner Coastal Plain,30.945246919999999,1347974.955629999982193,5504.410316270000294,1.000000000000000,36
36,Billy's Creek (G),Design-Bid-Build,Inactive,Long Term Mangement,Tar-Pamlico,03020101,03020101040020,Franklin,Central Piedmont,5.028157810000000,219026.554387999989558,3578.557584329999827,1.000000000000000,37
92209,Bird Island,Design-Bid-Build,Inactive,Long Term Mangement,Lumber,03040207,03040207020120,Brunswick,Southern Outer Coastal Plain,118.846587189999994,5176902.531120000407100,17507.174580300001253,1.000000000000000,38
38,Bishop Road (1 mi to CU 05),Design-Bid-Build,Inactive,Long Term Mangement,Tar-Pamlico,03020104,03020104120010,Hyde,Northern Outer Coastal Plain,689.716023059999998,30044483.067699998617172,57708.769703099998878,1.000000000000000,39
92162,Bishop Tract-Canal Branch,Design-Bid-Build,Inactive,Long Term Mangement,Yadkin,03040104,03040104061030,Anson,Southern Piedmont,80.562095009999993,3509284.858709999825805,17581.979332899998553,1.000000000000000,40
97063,Black Gum Creek,Design-Bid-Build,Inactive,Long Term Mangement,Lumber,03040203,03040203020010,Robeson,Southern Inner Coastal Plain,147.474703169999998,6423998.070020000450313,17439.343866800001706,1.000000000000000,41
92516,Blockhouse Creek,Full Delivery,Inactive,Long Term Mangement,Broad,03050105,03050105150020,Polk,Southern Piedmont,13.185013950000000,574339.207467000000179,12740.050426800000423,1.000000000000000,42
40,Blue Mitigation Site,Design-Bid-Build,Inactive,Long Term Mangement,Cape Fear,03030004,03030004070050,Moore,Southern Piedmont,176.774580420000007,7700300.723170000128448,13130.368629799999326,1.000000000000000,43
667,BMP (Cary Barnes and Noble),Design-Bid-Build,Inactive,Long Term Mangement,Neuse,03020201,03020201110010,Wake,Central Piedmont,2.737994980000000,119267.061121999999159,1580.459620419999965,1.000000000000000,44
92646,BMP (Simmons Street Wetland New Bern),Design-Bid-Build,Inactive,Long Term Mangement,Neuse,03020204,03020204020010,Craven,Southern Outer Coastal Plain,41.686770979999999,1815875.743899999884889,6647.432829590000438,1.000000000000000,45
670,BMP (Wayne Community College),Design-Bid-Build,Inactive,Long Term Mangement,Neuse,03020202,03020202010010,Wayne,Northern Inner Coastal Plain,1.182041760000000,51489.739015300001483,1153.470148509999945,1.000000000000000,46
92735,BMP Louisburg HS,Design-Bid-Build,Inactive,Long Term Mangement,Tar-Pamlico,03020101,03020101040010,Franklin,Central Piedmont,0.632308120000000,27543.341739200001030,676.578731956999945,1.000000000000000,47
92879,Bobs Creek,Design-Bid-Build,Inactive,Long Term Mangement,Catawba,03050101,03050101040010,McDowell,Northern Mountains,42.706853740000000,1860310.549000000115484,17417.759901299999910,1.000000000000000,48
439,Bold Run Creek (G),Design-Bid-Build,Inactive,Long Term Mangement,Neuse,03020201,03020201065010,Wake,Central Piedmont,34.938429309999997,1521863.590129999909550,6145.943012120000276,1.000000000000000,49
95721,Bowl Basin Non-Riparian Wetland Mitigation,Full Delivery,Inactive,Long Term Mangement,White Oak,03020106,03020106010010,Onslow,Southern Outer Coastal Plain,12.064914650000000,525547.682335000019521,4937.596045909999702,1.000000000000000,50
44,Bowman Site,Design-Bid-Build,Inactive,Long Term Mangement,Cape Fear,03030003,03030003020010,Randolph,Central Piedmont,9.810578700000001,427348.808353999978863,4076.019641559999855,1.000000000000000,51
47,Briles,Design-Bid-Build,Inactive,Long Term Mangement,Yadkin,03040103,03040103050030,Randolph,Central Piedmont,13.391264450000000,583323.479331000009552,6232.010313910000150,1.000000000000000,52
92882,Broad River Greenway,Design-Bid-Build,Inactive,Long Term Mangement,Broad,03050105,03050105010010,Cleveland,Southern Piedmont,997.276126340000019,43441380.271200001239777,68818.466463300006581,1.000000000000000,53
92333,Brock,Design-Bid-Build,Inactive,Long Term Mangement,Neuse,03020204,03020204010060,Jones,Southern Outer Coastal Plain,8.065572260000000,351336.327457999985199,5539.319407580000188,1.000000000000000,54
49,Brock Mill Pond,Design-Bid-Build,Inactive,Long Term Mangement,Neuse,03020204,03020204010070,Jones,Southern Outer Coastal Plain,110.477256760000003,4812389.304410000331700,24199.840202799998224,1.000000000000000,55
92215,Brogden Road (G),Full Delivery,Inactive,Long Term Mangement,Neuse,03020201,03020201140010,Johnston,Northern Inner Coastal Plain,15.003761129999999,653563.834625000017695,5083.349850429999606,1.000000000000000,56
52,Brown Bark Park,Design-Bid-Build,Inactive,Long Term Mangement,Cape Fear,03030002,03030002020040,Guilford,Central Piedmont,8.933584820000000,389146.954641000018455,5613.930212969999957,1.000000000000000,57
53,Brown Branch,Design-Bid-Build,Inactive,Long Term Mangement,Catawba,03050101,03050101070020,Caldwell,Northern Mountains,25.434681250000001,1107934.715240000048652,9444.910596670000814,1.000000000000000,58
95351,Brown Creek Tributaries Project,Full Delivery,Inactive,Long Term Mangement,Yadkin,03040104,03040104061030,Anson,Southern Piedmont,43.333665560000000,1887614.472000000067055,22649.891609199999948,1.000000000000000,59
92207,Brown Farm,Full Delivery,Inactive,Long Term Mangement,Cape Fear,03030002,03030002060110,Durham,Central Piedmont,46.629956079999999,2031200.886979999952018,7815.510967989999699,1.000000000000000,60
92517,Brown Marsh Swamp,Full Delivery,Inactive,Long Term Mangement,Lumber,03040204,03040204037010,Robeson,Southern Inner Coastal Plain,28.265988579999998,1231266.462449999991804,9658.425378949999867,1.000000000000000,61
96313,Browns Summit Creek Restoration Project,Full Delivery,Inactive,Long Term Mangement,Cape Fear,03030002,03030002010020,Guilford,Central Piedmont,20.244992340000000,881871.866443000035360,10950.892725199999404,1.000000000000000,62
54,Brush Creek,Design-Bid-Build,Inactive,Long Term Mangement,New,05050001,05050001030030,Alleghany,Northern Mountains,10.667130450000000,464660.202484000008553,7409.299164949999977,1.000000000000000,63
97084,Buckwater Mitigation Site,Full Delivery,Active,Active,Neuse,03020201,03020201030030,Orange,Central Piedmont,51.839164769999996,2258104.984869999811053,29531.528367300001264,1.000000000000000,64
92603,Buffalo Creek,Design-Bid-Build,Active,Active,Neuse,03020201,03020201020010,Durham,Central Piedmont,32.235013440000003,1404151.569009999977425,11418.142389900000126,1.000000000000000,65
94647,Buffalo Flats Restoration Site,Full Delivery,Inactive,Long Term Mangement,Yadkin,03040105,03040105020050,Cabarrus,Southern Piedmont,20.198881669999999,879863.285420999978669,5348.138328359999832,1.000000000000000,66
57,Bull Farm,Design-Bid-Build,Inactive,Long Term Mangement,Cape Fear,03030006,03030006050040,Sampson,Southern Inner Coastal Plain,438.631818259999989,19106802.003499999642372,20883.883158199998434,1.000000000000000,67
95009,Burnetts Chapel Buffer Mitigation Site,Full Delivery,Inactive,Long Term Mangement,Cape Fear,03030003,03030003010050,Guilford,Central Piedmont,11.984301540000001,522036.175206999992952,10505.694576699999743,1.000000000000000,68
63,Caldwell Station,Design-Bid-Build,Inactive,Long Term Mangement,Catawba,03050101,03050101170010,Mecklenburg,Southern Piedmont,20.661038380000001,899994.831707000033930,6475.730535900000177,1.000000000000000,69
66,Camp Lejeune USMC,Design-Bid-Build,Inactive,Long Term Mangement,White Oak,03030001,03030001020030,Onslow,Southern Outer Coastal Plain,4.294936650000000,187087.440493000001879,2655.313093849999859,1.000000000000000,70
92767,Candiff Creek,Design-Build,Inactive,Long Term Mangement,Yadkin,03040101,03040101110060,Surry,Central Piedmont,27.542443200000001,1199892.645980000030249,11713.776505300000281,1.000000000000000,71
96315,Candy Creek Stream Mitigation Site,Full Delivery,Inactive,Long Term Mangement,Cape Fear,03030002,03030002010020,Guilford,Central Piedmont,61.679695700000003,2686767.544579999987036,33431.240006300002278,1.000000000000000,72
69,Cane Creek,Design-Bid-Build,Inactive,Long Term Mangement,Cape Fear,03030002,03030002050050,Alamance,Central Piedmont,6.427921350000000,279319.644469999999274,4993.666499410000142,1.000000000000000,73
92325,Cane Creek,Full Delivery,Inactive,Long Term Mangement,Roanoke,03010104,03010104061040,Person,Central Piedmont,52.107425380000002,2269799.449459999799728,35156.940398799997638,1.000000000000000,74
92521,Cane Creek (FD),Full Delivery,Inactive,Long Term Mangement,Broad,03050105,03050105060020,Rutherford,Southern Piedmont,44.080808640000001,1920160.024569999892265,20921.862232600000425,1.000000000000000,75
92268,Carbonton Dam,Full Delivery,Inactive,Long Term Mangement,Cape Fear,03030003,03030003060010,Moore,Southern Piedmont,5.599736830000000,243924.536126999999397,2250.708884749999925,1.000000000000000,76
94719,Carper-Harris Wetland,Design-Bid-Build,Inactive,Long Term Mangement,Pasquotank,03010205,03010205010020,Pasquotank,Northern Outer Coastal Plain,67.805939870000003,2953626.740650000050664,7951.628807580000284,1.000000000000000,77
92271,Casey Dairy (G),Full Delivery,Inactive,Long Term Mangement,Neuse,03020202,03020202010040,Wayne,Northern Inner Coastal Plain,72.007857200000004,3136662.259810000192374,18712.292441099998541,1.000000000000000,78
92133,Cashie River-IP-Thunderbolt-Baltimore,Design-Bid-Build,Inactive,Long Term Mangement,Roanoke,03010107,03010107160115,Bertie,Northern Outer Coastal Plain,723.981885280000029,31536650.922699999064207,51989.876547699997900,1.000000000000000,79
71,Cat Creek,Design-Bid-Build,Inactive,Long Term Mangement,Little Tennessee,06010202,06010202040010,Macon,Southern Mountains,38.926217780000002,1695626.046610000077635,16259.829417400000239,1.000000000000000,80
73,Caviness,Design-Bid-Build,Inactive,Long Term Mangement,Cape Fear,03030003,03030003020050,Randolph,Central Piedmont,9.393516750000000,409181.589806000003591,5573.298071770000206,1.000000000000000,81
97009,Cedar Branch Restoration Site,Full Delivery,Active,Active,Yadkin,03040103,03040103050040,Randolph,Central Piedmont,21.332657110000000,929250.543800999992527,12497.007615000000442,1.000000000000000,82
95718,Cedar Creek,Full Delivery,Inactive,Long Term Mangement,Cape Fear,03030006,03030006090060,Sampson,Southern Inner Coastal Plain,42.015358139999996,1830189.000449999934062,15067.654045999999653,1.000000000000000,83
92035,Cedar Creek Perry,Design-Bid-Build,Inactive,Long Term Mangement,Tar-Pamlico,03020101,03020101050010,Franklin,Central Piedmont,162.439270340000007,7075854.616019999608397,34100.100383500001044,1.000000000000000,84
77,Chapel Creek,Design-Bid-Build,Active,Active,Cape Fear,03030002,03030002060080,Orange,Central Piedmont,5.153041590000000,224466.491569000005256,3331.049178910000137,1.000000000000000,85
79,Charles Creek,Design-Bid-Build,Inactive,Long Term Mangement,Pasquotank,03010205,03010205050010,Pasquotank,Northern Outer Coastal Plain,1.996123450000000,86997.960229899996193,1417.511560270000018,1.000000000000000,86
92017,Chowan River Harrell,Design-Bid-Build,Inactive,Long Term Mangement,Chowan,03010203,03010203080020,Chowan,Northern Outer Coastal Plain,111.261231719999998,4846539.253829999826849,10851.018515199999456,1.000000000000000,87
90,City Pond,Full Delivery,Inactive,Long Term Mangement,Yadkin,03040201,03040201020020,Anson,Southern Piedmont,35.443289589999999,1543909.694690000033006,13623.838211599999340,1.000000000000000,88
91,Clayhill Farm,Design-Bid-Build,Inactive,Long Term Mangement,White Oak,03020106,03020106010060,Jones,Southern Outer Coastal Plain,343.032862399999999,14942371.645899999886751,16833.127170100000512,1.000000000000000,89
92,Clear Creek,Design-Bid-Build,Inactive,Long Term Mangement,French Broad,06010105,06010105030040,Henderson,Southern Mountains,6.397625370000000,278680.561045999987982,2916.400498680000055,1.000000000000000,90
93,Cleghorn Creek,Full Delivery,Inactive,Long Term Mangement,Broad,03050105,03050105040090,Rutherford,Southern Piedmont,23.770050059999999,1035449.113460000022314,9196.576367260000552,1.000000000000000,91
95720,Cochran Branch Stream and Wetland Restoration Site,Full Delivery,Inactive,Long Term Mangement,Little Tennessee,06010202,06010202040020,Macon,Southern Mountains,10.050078700000000,437817.731298000027891,3275.103049140000167,1.000000000000000,92
94,Coddle Creek Tributary (Indian Run),Design-Bid-Build,Inactive,Long Term Mangement,Yadkin,03040105,03040105020010,Cabarrus,Southern Piedmont,19.606122589999998,854041.346126000047661,8014.301128349999999,1.000000000000000,93
92205,Collins Site,Full Delivery,Inactive,Long Term Mangement,Cape Fear,03030002,03030002050060,Orange,Central Piedmont,27.849525950000000,1213125.350279999896884,18729.553890899998805,1.000000000000000,94
92760,Columbus Swamp,Full Delivery,Inactive,Long Term Mangement,Lumber,03040203,03040203170020,Columbus,Southern Inner Coastal Plain,40.101972459999999,1746841.920159999979660,5226.017600039999706,1.000000000000000,95
96,Company Swamp,Design-Bid-Build,Inactive,Long Term Mangement,Roanoke,03010107,03010107130020,Bertie,Northern Outer Coastal Plain,1510.108563869999898,65780329.042300000786781,50183.811649299997953,1.000000000000000,96
92232,Conetoe Creek (G),Full Delivery,Inactive,Long Term Mangement,Tar-Pamlico,03020103,03020103050050,Pitt,Northern Inner Coastal Plain,10.024057450000001,436647.942724000022281,8583.466767809999510,1.000000000000000,97
92226,Conoconnara Swamp,Full Delivery,Inactive,Long Term Mangement,Roanoke,03010107,03010107090020,Halifax,Northern Inner Coastal Plain,200.346954829999987,8727113.352189999073744,29929.379912199998216,1.000000000000000,98
95807,Coon Creek Riparian Buffer and Nutrient Offset,Full Delivery,Inactive,Long Term Mangement,Tar-Pamlico,03020101,03020101020010,Granville,Central Piedmont,30.190336739999999,1315091.068380000069737,11556.399918799999796,1.000000000000000,99
92014,Countyline Creek Mackovic,Design-Bid-Build,Inactive,Long Term Mangement,Roanoke,03010104,03010104032010,Caswell,Central Piedmont,90.126860280000002,3925926.033739999867976,9387.099783420000676,1.000000000000000,100
99,Cox Site,Full Delivery,Inactive,Long Term Mangement,Neuse,03020201,03020201150050,Johnston,Northern Inner Coastal Plain,66.597859130000003,2901002.743869999889284,14282.701091099999758,1.000000000000000,101
105,Cross Creek,Design-Bid-Build,Inactive,Long Term Mangement,Cape Fear,03030004,03030004100050,Cumberland,Southern Inner Coastal Plain,4.662725330000000,203089.944197000004351,4551.874450999999681,1.000000000000000,102
92329,Crowns West,Full Delivery,Inactive,Long Term Mangement,White Oak,03030001,03030001010010,Onslow,Southern Outer Coastal Plain,10.778926450000000,469530.284473999985494,6573.713258009999663,1.000000000000000,103
92245,Crowther North South Yadkin River,Design-Bid-Build,Inactive,Long Term Mangement,Yadkin,03040102,03040102050030,Rowan,Central Piedmont,39.494294940000003,1720371.487419999903068,8889.740714730000036,1.000000000000000,104
92547,Cutawhiskie creek,Full Delivery,Active,Active,Chowan,03010204,03010204200010,Hertford,Northern Outer Coastal Plain,22.839141059999999,994872.984446999966167,9138.809881040000619,1.000000000000000,105
106,Dale Tract,Full Delivery,Inactive,Long Term Mangement,Cape Fear,03030005,03030005030080,Brunswick,Southern Outer Coastal Plain,237.577465999999987,10348874.419099999591708,16440.309629399998812,1.000000000000000,106
92269,Daniels Farm,Full Delivery,Inactive,Long Term Mangement,Tar-Pamlico,03020101,03020101040070,Franklin,Central Piedmont,33.952817029999999,1478984.709650000091642,6496.594594629999847,1.000000000000000,107
92229,Daniels Farm #2,Full Delivery,Inactive,Long Term Mangement,Tar-Pamlico,03020101,03020101040070,Franklin,Central Piedmont,33.764103239999997,1470764.337130000116304,12093.017739999999321,1.000000000000000,108
92543,Davis Branch,Full Delivery,Inactive,Long Term Mangement,Yadkin,03040105,03040105070080,Union,Southern Piedmont,13.325918919999999,580477.028021999984048,8597.577522710000267,1.000000000000000,109
92157,Davis Tract-Yadkin River,Design-Bid-Build,Inactive,Long Term Mangement,Yadkin,03040101,03040101200040,Davie,Central Piedmont,75.646731419999995,3295171.620649999938905,19294.790378800000326,1.000000000000000,110
110,Deaton,Design-Bid-Build,Inactive,Long Term Mangement,Cape Fear,03030003,03030003020060,Randolph,Central Piedmont,13.628734690000000,593667.683276999974623,9961.573861360000592,1.000000000000000,111
92120,Deep - Horse Creek McKean,Design-Bid-Build,Inactive,Long Term Mangement,Lumber,03040203,03040203010050,Moore,Southern Piedmont,95.386498979999999,4155035.895649999845773,16423.109944299998460,1.000000000000000,112
92091,Deep River Hanson,Design-Bid-Build,Inactive,Long Term Mangement,Cape Fear,03030003,03030003060080,Chatham,Central Piedmont,111.352376239999998,4850509.509069999679923,12192.142025299999659,1.000000000000000,113
92092,Deep River Jordan,Design-Bid-Build,Inactive,Long Term Mangement,Cape Fear,03030003,03030003040010,Moore,Southern Piedmont,168.221833430000004,7327743.064059999771416,32119.608744599998317,1.000000000000000,114
92093,Deep River M. Paschal,Design-Bid-Build,Inactive,Long Term Mangement,Cape Fear,03030003,03030003040010,Moore,Southern Piedmont,76.437333199999998,3329610.233990000095218,15824.326483599999847,1.000000000000000,115
95021,Devils Racetrack Mitigation Site,Full Delivery,Inactive,Long Term Mangement,Neuse,03020201,03020201140010,Johnston,Northern Inner Coastal Plain,96.064540070000007,4184571.365629999898374,28032.161616599998524,1.000000000000000,116
117,Dismal Swamp,Design-Bid-Build,Inactive,Long Term Mangement,Pasquotank,03010205,03010205090010,Gates,Northern Outer Coastal Plain,611.571015869999997,26640033.451299998909235,20919.850581399998191,1.000000000000000,117
118,Dismal Swamp Full-Delivery,Full Delivery,Inactive,Long Term Mangement,Pasquotank,03010205,03010205180010,Tyrrell,Northern Outer Coastal Plain,455.001242499999989,19819854.123199999332428,17953.352077799998369,1.000000000000000,118
92533,Dog Bite Creek,Full Delivery,Inactive,Long Term Mangement,French Broad,06010108,06010108040010,Mitchell,Northern Mountains,6.862315760000000,298922.474708000023384,8130.322434790000443,1.000000000000000,119
119,Dowd Dairy,Design-Bid-Build,Inactive,Long Term Mangement,Cape Fear,03030005,03030005020020,Bladen,Southern Inner Coastal Plain,671.423385779999990,29247202.684500001370907,28520.451709600001777,1.000000000000000,120
92163,Drowning Creek,Design-Bid-Build,Inactive,Long Term Mangement,Lumber,03040203,03040203010111,Moore,Southern Piedmont,779.663438710000037,33962090.131899997591972,63395.517932000002475,1.000000000000000,121
92121,Drowning Creek IP Forest Investments,Design-Bid-Build,Inactive,Long Term Mangement,Lumber,03040203,03040203010030,Moore,Southern Piedmont,486.051380489999985,21172478.208799999207258,30508.817390899999737,1.000000000000000,122
92544,Duke Swamp,Full Delivery,Inactive,Long Term Mangement,Chowan,03010203,03010203040010,Gates,Northern Outer Coastal Plain,25.434859280000001,1107906.088980000000447,9073.120727359999364,1.000000000000000,123
65,Dula Thorofare at Bishop Site,Design-Bid-Build,Inactive,Long Term Mangement,Yadkin,03040104,03040104061050,Anson,Southern Piedmont,120.010012630000006,5227636.149950000457466,36246.333347500003583,1.000000000000000,124
92350,Dula Thorofare at Camp Branch,Design-Bid-Build,Inactive,Long Term Mangement,Yadkin,03040105,03040105081060,Anson,Southern Piedmont,95.822774170000002,4174040.043020000215620,26199.109389299999748,1.000000000000000,125
92176,DuPont Forest,Design-Bid-Build,Inactive,Long Term Mangement,French Broad,06010105,06010105010080,Transylvania,Southern Mountains,2221.942476650000117,96787814.283099994063377,57586.961053300001367,1.000000000000000,126
92116,Dutch Buffalo Creek Walker,Design-Bid-Build,Inactive,Long Term Mangement,Yadkin,03040105,03040105020050,Cabarrus,Southern Piedmont,33.671392040000001,1466725.837330000009388,6364.420930440000120,1.000000000000000,127
92117,Dutch Buffalo Creek Wickliff,Design-Bid-Build,Inactive,Long Term Mangement,Yadkin,03040105,03040105020050,Cabarrus,Southern Piedmont,2.733962770000000,119091.418042000004789,1381.880339840000033,1.000000000000000,128
92107,Dutch Second Creek Hill,Design-Bid-Build,Inactive,Long Term Mangement,Yadkin,03040103,03040103010030,Rowan,Central Piedmont,16.984712280000000,739854.066849999944679,5482.939133359999687,1.000000000000000,129
121,Dutchman's Creek,Design-Bid-Build,Inactive,Long Term Mangement,Neuse,03020201,03020201110010,Wake,Central Piedmont,84.797731189999993,3693789.170700000133365,10064.919812500000262,1.000000000000000,130
92255,Dye Branch II Stream Restoration,Design-Bid-Build,Inactive,Long Term Mangement,Yadkin,03040105,03040105010010,Iredell,Central Piedmont,12.012289669999999,523254.306771999981720,7211.492956410000261,1.000000000000000,131
745,Eagle Brunswick,Full Delivery,Inactive,Long Term Mangement,Cape Fear,03030005,03030005040010,Brunswick,Southern Outer Coastal Plain,458.548640390000003,19974379.444499999284744,24583.986542099999497,1.000000000000000,132
92763,East Buffalo Creek,Full Delivery,Inactive,Long Term Mangement,Little Tennessee,06010204,06010204020030,Graham,Southern Mountains,17.846747749999999,777404.332123999949545,23755.801814099999319,1.000000000000000,133
94203,East Fork of the Pigeon River Wetlands,Design-Bid-Build,Inactive,Long Term Mangement,French Broad,06010106,06010106010010,Haywood,Southern Mountains,16.532921259999998,720104.189907999942079,3730.092742849999922,1.000000000000000,134
123,East Tarboro Canal (G),Design-Bid-Build,Inactive,Long Term Mangement,Tar-Pamlico,03020103,03020103010010,Edgecombe,Northern Inner Coastal Plain,11.513285390000000,501518.711452000017744,6281.070224240000243,1.000000000000000,135
92172,Elk-Shoals-Methodist Camp,Design-Bid-Build,Inactive,Long Term Mangement,New,05050001,05050001020040,Ashe,Northern Mountains,95.908076919999999,4177755.830839999951422,14727.079193300000043,1.000000000000000,136
92665,Elk Branch,Full Delivery,Inactive,Long Term Mangement,French Broad,06010108,06010108040010,Mitchell,Northern Mountains,4.951206900000000,215674.572580999985803,6744.324079730000449,1.000000000000000,137
126,Elk Shoals RFP*,Full Delivery,Inactive,Long Term Mangement,Catawba,03050101,03050101130010,Alexander,Central Piedmont,10.709062910000000,466486.780574999982491,7615.760550670000157,1.000000000000000,138
127,Ellerbee Creek (G) Hillandale,Design-Bid-Build,Inactive,Long Term Mangement,Neuse,03020201,03020201050010,Durham,Central Piedmont,15.170916620000000,660838.087767999968491,19405.034368600001471,1.000000000000000,139
92520,Ellington Branch,Full Delivery,Inactive,Long Term Mangement,Roanoke,03010106,03010106031010,Warren,Central Piedmont,14.490728669999999,631216.141059000045061,8577.150337220000438,1.000000000000000,140
92148,Eno River-Poplar Ridge (Bunting),Design-Bid-Build,Inactive,Long Term Mangement,Neuse,03020201,03020201030030,Orange,Central Piedmont,134.447433289999992,5856530.193909999914467,14244.677749799999219,1.000000000000000,141
92246,Eno River Cabe's Ford,Design-Bid-Build,Inactive,Long Term Mangement,Neuse,03020201,03020201030030,Orange,Central Piedmont,87.419299129999999,3807984.670169999822974,12804.869268300000840,1.000000000000000,142
92082,Eno River Penny,Design-Bid-Build,Inactive,Long Term Mangement,Neuse,03020201,03020201020040,Durham,Central Piedmont,108.087202480000002,4708163.665550000034273,10473.042103100000531,1.000000000000000,143
92147,Eno River Wilderness,Design-Bid-Build,Inactive,Long Term Mangement,Neuse,03020201,03020201030030,Orange,Central Piedmont,808.311639959999980,35210055.036600001156330,42972.749855100002605,1.000000000000000,144
92552,Farrar Dairy,Full Delivery,Inactive,Long Term Mangement,Cape Fear,03030004,03030004110010,Harnett,Southern Inner Coastal Plain,167.522041209999998,7297260.115249999798834,35061.156190499998047,1.000000000000000,145
92558,Fisher River Fisher Peak,Design-Bid-Build,Inactive,Long Term Mangement,Yadkin,03040101,03040101090010,Surry,Central Piedmont,151.266604180000002,6587808.782270000316203,25188.313409499998670,1.000000000000000,146
135,Fisher River Mit. Bank (Ring FDP),Full Delivery,Inactive,Credit Purchase Complete,Yadkin,03040101,03040101090010,Surry,Central Piedmont,96.381369000000007,4198372.433849999681115,9519.566776839999875,1.000000000000000,147
92144,Fishing Creek (Capps Tract),Design-Bid-Build,Inactive,Long Term Mangement,Tar-Pamlico,03020102,03020102020030,Warren,Central Piedmont,36.910834240000000,1607835.939580000005662,8707.017317410000032,1.000000000000000,148
92038,Fishing Creek Capps Farm,Design-Bid-Build,Inactive,Long Term Mangement,Tar-Pamlico,03020102,03020102020030,Warren,Central Piedmont,39.640967119999999,1726760.527569999918342,10340.980026100000032,1.000000000000000,149
92039,Fishing Creek Capps Forest,Design-Bid-Build,Inactive,Long Term Mangement,Tar-Pamlico,03020102,03020102020020,Warren,Central Piedmont,19.554074310000001,851775.476752000045963,6059.352585210000143,1.000000000000000,150
92020,Fishing Creek Edwards 1,Design-Bid-Build,Inactive,Long Term Mangement,Tar-Pamlico,03020102,03020102040010,Nash,Northern Inner Coastal Plain,87.551623509999999,3813748.720259999856353,22175.780294699998194,1.000000000000000,151
92021,Fishing Creek Green,Design-Bid-Build,Inactive,Long Term Mangement,Tar-Pamlico,03020102,03020102020020,Warren,Central Piedmont,15.552745350000000,677477.587450999999419,5017.259815460000027,1.000000000000000,152
92041,Fishing Creek Hall,Design-Bid-Build,Inactive,Long Term Mangement,Tar-Pamlico,03020102,03020102040010,Edgecombe,Northern Inner Coastal Plain,231.513200649999987,10084715.020400000736117,40996.248673699999927,1.000000000000000,153
92022,Fishing Creek IP/Alston,Design-Bid-Build,Inactive,Long Term Mangement,Tar-Pamlico,03020102,03020102030030,Warren,Central Piedmont,179.366469870000003,7813203.427480000071228,22958.190769299999374,1.000000000000000,154
92044,Fishing Creek Shearin,Design-Bid-Build,Inactive,Long Term Mangement,Tar-Pamlico,03020102,03020102020020,Warren,Central Piedmont,70.142862859999994,3055423.105969999916852,14518.219182299999375,1.000000000000000,155
92046,Fishing Creek Sturges,Design-Bid-Build,Inactive,Long Term Mangement,Tar-Pamlico,03020102,03020102020050,Franklin,Central Piedmont,13.493827110000000,587791.108790999976918,4227.780225909999899,1.000000000000000,156
92185,Five Mile Branch,Design-Bid-Build,Inactive,Long Term Mangement,Yadkin,03040102,03040102010100,Iredell,Central Piedmont,230.443613550000009,10037980.106300000101328,27267.819688100000349,1.000000000000000,157
92146,Flat River-Horton Grove,Design-Bid-Build,Inactive,Long Term Mangement,Neuse,03020201,03020201010050,Durham,Central Piedmont,308.311211340000000,13430198.097799999639392,45894.817782300000545,1.000000000000000,158
138,Fletcher-Meritor site,Design-Bid-Build,Inactive,Long Term Mangement,French Broad,06010105,06010105040010,Henderson,Southern Mountains,20.495071540000001,892770.755130999954417,8315.034905230000732,1.000000000000000,159
92812,Flint Rock Farm #2,Design-Bid-Build,Active,Active,Cape Fear,03030002,03030002010010,Rockingham,Central Piedmont,24.263649550000000,1056924.574550000019372,9193.939599510000335,1.000000000000000,160
440,Flintrock Farm,Design-Bid-Build,Active,Active,Cape Fear,03030002,03030002010010,Rockingham,Central Piedmont,53.078180709999998,2312085.551829999778420,11570.156977099999494,1.000000000000000,161
92486,Floogie Site,Full Delivery,Inactive,Long Term Mangement,Roanoke,03010107,03010107160050,Bertie,Northern Outer Coastal Plain,71.347070049999999,3107878.371489999815822,16844.456646700000420,1.000000000000000,162
139,Forest Hills,Design-Bid-Build,Active,Active,Cape Fear,03030002,03030002060120,Durham,Central Piedmont,8.894365850000000,387438.576638000027742,6660.256355769999573,1.000000000000000,163
95715,Foust Creek Mitigation Site,Full Delivery,Inactive,Long Term Mangement,Cape Fear,03030002,03030002050050,Alamance,Central Piedmont,22.111548160000002,963179.037709999945946,10674.025971900000513,1.000000000000000,164
94016,Fox Run Riparian Buffer Mitigation Site,Full Delivery,Inactive,Long Term Mangement,Neuse,03020203,03020203070030,Pitt,Northern Inner Coastal Plain,46.466384669999997,2024075.716130000073463,10321.675328600000284,1.000000000000000,165
141,Freedom Park,Design-Bid-Build,Inactive,Long Term Mangement,Catawba,03050103,03050103020030,Mecklenburg,Southern Piedmont,13.115300260000000,571302.479331000009552,8944.820652799999152,1.000000000000000,166
142,Friedburg Marsh,Design-Bid-Build,Inactive,Long Term Mangement,Yadkin,03040101,03040101170070,Forsyth,Central Piedmont,49.131096180000000,2140150.549589999951422,6898.724248100000295,1.000000000000000,167
92228,Gatlin Swamp,Full Delivery,Inactive,Long Term Mangement,Roanoke,03010107,03010107120020,Martin,Northern Inner Coastal Plain,150.517610810000008,6556547.126699999906123,10819.639818199999354,1.000000000000000,168
143,Gibson Pond,Design-Bid-Build,Inactive,Long Term Mangement,Yadkin,03040201,03040201010010,Richmond,Southern Piedmont,345.704008980000026,15058866.631100000813603,18523.662786100001540,1.000000000000000,169
144,Gillespie Golf Course,Design-Bid-Build,Inactive,Long Term Mangement,Cape Fear,03030002,03030002020050,Guilford,Central Piedmont,16.075672630000000,700256.299633000046015,12348.799956700000621,1.000000000000000,170
854,Glade Creek,Design-Bid-Build,Inactive,Long Term Mangement,New,05050001,05050001030020,Alleghany,Northern Mountains,15.862978750000000,690991.354177000001073,7836.247564020000027,1.000000000000000,171
92343,Glade Creek II,Design-Bid-Build,Inactive,Long Term Mangement,New,05050001,05050001030020,Alleghany,Northern Mountains,12.814232540000001,558214.079912999994121,5286.677406370000426,1.000000000000000,172
92206,Glen Raven,Full Delivery,Inactive,Long Term Mangement,Cape Fear,03030002,03030002030010,Alamance,Central Piedmont,9.472215670000001,412609.714561000000685,7807.350358249999772,1.000000000000000,173
92096,Glendon Slate Creek Paschal,Design-Bid-Build,Inactive,Long Term Mangement,Cape Fear,03030003,03030003040010,Moore,Southern Piedmont,15.034492080000000,654902.474881000001915,4995.634769680000318,1.000000000000000,174
145,Goldsboro Housing Authority,Design-Bid-Build,Inactive,Long Term Mangement,Neuse,03020201,03020201200020,Wayne,Northern Inner Coastal Plain,4.671428330000000,203492.281382999994094,5093.762542909999866,1.000000000000000,175
92761,Goodman Property,Full Delivery,Inactive,Long Term Mangement,Neuse,03020202,03020202040020,Lenoir,Southern Inner Coastal Plain,34.908480220000001,1520613.398229999933392,17043.811990099999093,1.000000000000000,176
147,Goose Creek (G),Design-Bid-Build,Inactive,Long Term Mangement,Neuse,03020201,03020201050010,Durham,Central Piedmont,3.949302530000000,172058.540942999999970,3675.964671759999874,1.000000000000000,177
92709,Goose Creek (Greene site),Design-Bid-Build,Inactive,Long Term Mangement,Yadkin,03040105,03040105030020,Mecklenburg,Southern Piedmont,5.740891560000000,250106.831176000006963,2470.626405070000146,1.000000000000000,178
92219,Gray Farm,Full Delivery,Inactive,Long Term Mangement,Catawba,03050101,03050101150020,Iredell,Central Piedmont,21.503033940000002,936672.158411000040360,13000.221672800000306,1.000000000000000,179
92152,Great Coharie-TNC,Design-Bid-Build,Inactive,Long Term Mangement,Cape Fear,03030006,03030006090050,Sampson,Southern Inner Coastal Plain,4704.312694199999896,204919860.958999991416931,254640.565238999988651,1.000000000000000,180
92124,Green River Boyer,Design-Bid-Build,Inactive,Long Term Mangement,Broad,03050105,03050105020020,Polk,Southern Piedmont,31.372464520000001,1366584.554470000090078,8004.396954679999908,1.000000000000000,181
92125,Green River Ward,Design-Bid-Build,Inactive,Long Term Mangement,Broad,03050105,03050105020020,Polk,Southern Piedmont,15.391870920000001,670469.897310000029393,3456.503318519999993,1.000000000000000,182
95012,Green Valley Farms Site,Full Delivery,Inactive,Long Term Mangement,Cape Fear,03030003,03030003010070,Randolph,Central Piedmont,11.370661000000000,495305.993139000027440,10847.049024899999495,1.000000000000000,183
671,Greenbrier Creek,Design-Bid-Build,Inactive,Long Term Mangement,Cape Fear,03030003,03030003070010,Chatham,Central Piedmont,50.477743930000003,2198810.525719999801368,19846.455335300001025,1.000000000000000,184
153,Gregory,Full Delivery,Inactive,Long Term Mangement,Tar-Pamlico,03020102,03020102050030,Halifax,Northern Inner Coastal Plain,117.663461350000006,5125420.376520000398159,12396.331936900000073,1.000000000000000,185
155,Grimesland (Phase II),Design-Bid-Build,Inactive,Long Term Mangement,Tar-Pamlico,03020103,03020103070010,Pitt,Northern Inner Coastal Plain,23.813486610000002,1037315.476729999994859,5779.762665709999965,1.000000000000000,186
156,Grimesland Site Phase I,Design-Bid-Build,Inactive,Long Term Mangement,Tar-Pamlico,03020103,03020103070010,Pitt,Northern Inner Coastal Plain,534.926006460000053,23301378.441399998962879,36298.894181000003300,1.000000000000000,187
158,Grove Creek,Design-Bid-Build,Inactive,Long Term Mangement,Cape Fear,03030007,03030007040020,Duplin,Southern Inner Coastal Plain,548.584984520000035,23896361.925599999725819,25415.280780000000959,1.000000000000000,188
92142,Guthrie Tract-Shelton Creek,Design-Bid-Build,Inactive,Long Term Mangement,Tar-Pamlico,03020101,03020101010050,Granville,Central Piedmont,110.464350240000002,4811827.096350000239909,25554.726134399999864,1.000000000000000,189
162,Hall Branch,Design-Bid-Build,Active,Active,Yadkin,03040201,03040201010010,Richmond,Southern Piedmont,10.453290150000001,455345.318847000016831,5135.799158830000124,1.000000000000000,190
165,Hanging Rock Creek (A3),Design-Bid-Build,Inactive,Long Term Mangement,Watauga,06010103,06010103020010,Avery,Northern Mountains,9.820172690000000,427766.722240999981295,4355.839611289999993,1.000000000000000,191
92138,Harper Tract-Swift Creek,Design-Bid-Build,Inactive,Long Term Mangement,Tar-Pamlico,03020101,03020101130050,Franklin,Central Piedmont,27.589959990000001,1201818.657219999935478,5404.150131569999758,1.000000000000000,192
92230,Harrell Site,Full Delivery,Inactive,Long Term Mangement,Tar-Pamlico,03020101,03020101130090,Edgecombe,Northern Inner Coastal Plain,47.549964559999999,2071248.692199999932200,19598.431885300000431,1.000000000000000,193
433,Harris Farm-HQP,Design-Bid-Build,Inactive,Long Term Mangement,Tar-Pamlico,03020101,03020101040070,Franklin,Central Piedmont,588.777825170000028,25647162.064500000327826,112579.994053000002168,1.000000000000000,194
719,Haw's Run,Design-Bid-Build,Inactive,Long Term Mangement,Cape Fear,03030007,03030007100020,Pender,Southern Outer Coastal Plain,590.580892940000012,25725703.696400001645088,31108.129542700000457,1.000000000000000,195
167,Haw Branch,Full Delivery,Inactive,Long Term Mangement,Cape Fear,03030007,03030007080010,Onslow,Southern Outer Coastal Plain,51.826038220000001,2257542.224859999958426,11297.603430799999842,1.000000000000000,196
92150,Haw River-Cone Swamp-Phillips,Design-Bid-Build,Inactive,Long Term Mangement,Cape Fear,03030002,03030002010020,Guilford,Central Piedmont,75.823867239999998,3302909.268039999995381,10213.647576499999559,1.000000000000000,197
92149,Haw River-Duke Forest,Design-Bid-Build,Inactive,Long Term Mangement,Cape Fear,03030002,03030002060040,Chatham,Central Piedmont,1227.100420429999986,53452494.313799999654293,100217.416343000004417,1.000000000000000,198
92316,Haw River Bouchard,Design-Bid-Build,Active,Active,Cape Fear,03030002,03030002010040,Rockingham,Central Piedmont,30.865492029999999,1344500.832709999987856,8592.814746910000395,1.000000000000000,199
92238,Haw River Swamp I,Full Delivery,Inactive,Long Term Mangement,Cape Fear,03030002,03030002010020,Rockingham,Central Piedmont,22.008173150000001,958676.022534999996424,9416.951009149999663,1.000000000000000,200
169,Haw River Tract,Design-Bid-Build,Active,Active,Cape Fear,03030002,03030002010040,Rockingham,Central Piedmont,95.430805169999999,4156965.873389999847859,10614.605864799999836,1.000000000000000,201
170,Heath Dairy Road,Design-Bid-Build,Inactive,Long Term Mangement,Yadkin,03040103,03040103050050,Randolph,Central Piedmont,56.790809990000000,2473859.340510000009090,16347.671995299999253,1.000000000000000,202
94014,Heath Riparian Buffer Mitigation Site,Full Delivery,Inactive,Long Term Mangement,Neuse,03020202,03020202080010,Craven,Southern Outer Coastal Plain,60.632590530000002,2641155.643689999822527,6528.470137829999658,1.000000000000000,203
172,Helms,Design-Bid-Build,Inactive,Long Term Mangement,Yadkin,03040105,03040105020050,Rowan,Central Piedmont,9.512191730000000,414351.071753000025637,4905.980123790000107,1.000000000000000,204
173,Hendersonville Wetlands,Design-Bid-Build,Inactive,Long Term Mangement,French Broad,06010105,06010105030020,Henderson,Southern Mountains,13.999170940000001,609805.773457000032067,3457.110310940000090,1.000000000000000,205
96306,Henry Fork Stream and Wetland Mitigation Project,Full Delivery,Inactive,Long Term Mangement,Catawba,03050102,03050102010030,Catawba,Central Piedmont,48.054840280000001,2093268.842510000104085,8209.779468729999280,1.000000000000000,206
94642,Herman Dairy Farm Stream and Wetland,Full Delivery,Inactive,Long Term Mangement,Catawba,03050101,03050101120030,Alexander,Central Piedmont,31.123155310000001,1355724.645190000068396,10082.980130199999621,1.000000000000000,207
175,High Vista,Design-Bid-Build,Inactive,Long Term Mangement,French Broad,06010105,06010105050010,Buncombe,Southern Mountains,6.618473240000000,288310.355960000015330,7438.099465129999771,1.000000000000000,208
177,Hillsdale Park,Design-Bid-Build,Inactive,Long Term Mangement,Cape Fear,03030002,03030002020050,Guilford,Central Piedmont,16.694289540000000,727203.252346000052057,11708.363817600000402,1.000000000000000,209
92118,Hitchcock Creek McDonald,Design-Bid-Build,Inactive,Long Term Mangement,Yadkin,03040201,03040201010010,Richmond,Southern Piedmont,39.587607290000001,1724436.173720000078902,5406.718746890000148,1.000000000000000,210
95013,Hockett Dairy Site,Full Delivery,Inactive,Long Term Mangement,Cape Fear,03030003,03030003010070,Randolph,Central Piedmont,12.989579689999999,565826.091378999990411,12408.539048900000125,1.000000000000000,211
95355,Hofler Property,Full Delivery,Inactive,Long Term Mangement,Chowan,03010203,03010203040040,Gates,Northern Outer Coastal Plain,27.046095080000001,1178127.901869999943301,4705.866052059999674,1.000000000000000,212
94708,Hogan Creek,Design-Bid-Build,Inactive,Long Term Mangement,Yadkin,03040101,03040101110060,Surry,Central Piedmont,36.126353930000001,1573687.137159999925643,14906.850207600000431,1.000000000000000,213
92523,Holly Grove,Full Delivery,Inactive,Long Term Mangement,Cape Fear,03030002,03030002020070,Guilford,Central Piedmont,64.223163520000000,2797562.380359999835491,41001.681716500002949,1.000000000000000,214
96316,Holman Mill Stream Mitigation Project,Full Delivery,Inactive,Long Term Mangement,Cape Fear,03030002,03030002050050,Alamance,Central Piedmont,32.409212740000001,1411745.306899999966845,14065.053688399999373,1.000000000000000,215
180,Hominy Swamp Creek,Design-Bid-Build,Inactive,Long Term Mangement,Neuse,03020203,03020203020040,Wilson,Northern Inner Coastal Plain,3.903866380000000,170052.419531999999890,4207.109656880000330,1.000000000000000,216
95352,Hopewell Stream Mitigation Site,Full Delivery,Inactive,Long Term Mangement,Yadkin,03040104,03040104030010,Randolph,Central Piedmont,35.953840550000002,1566149.294350000098348,23586.027990300000965,1.000000000000000,217
92251,Hoppers Creek - Melton Farm,Design-Bid-Build,Inactive,Long Term Mangement,Catawba,03050101,03050101040020,McDowell,Northern Mountains,10.125115930000000,441050.049973000015598,9081.390380860000732,1.000000000000000,218
92223,Howard Farm (G),Full Delivery,Inactive,Long Term Mangement,Neuse,03020203,03020203050040,Greene,Northern Inner Coastal Plain,28.816690650000002,1255255.044860000023618,8313.136914009999600,1.000000000000000,219
183,Howell Woods,Design-Bid-Build,Inactive,Long Term Mangement,Neuse,03020201,03020201150050,Johnston,Northern Inner Coastal Plain,139.869483669999994,6092714.708879999816418,14587.555012599999827,1.000000000000000,220
95361,Hudson Property,Full Delivery,Inactive,Long Term Mangement,Tar-Pamlico,03020104,03020104010010,Beaufort,Northern Outer Coastal Plain,13.890068230000001,605051.371984999976121,6436.521543060000113,1.000000000000000,221
184,Huskanaw Swamp,Design-Bid-Build,Inactive,Long Term Mangement,Tar-Pamlico,03020103,03020103090010,Martin,Northern Inner Coastal Plain,115.774059609999995,5043118.036580000072718,10088.907502699999895,1.000000000000000,222
92015,Hyco Lake Bessemer,Design-Bid-Build,Inactive,Long Term Mangement,Roanoke,03010104,03010104061040,Caswell,Central Piedmont,167.965397810000013,7316572.728590000420809,34425.941985400000704,1.000000000000000,223
192,Irwin Creek Whitehurst Road,Design-Bid-Build,Inactive,Long Term Mangement,Catawba,03050103,03050103020020,Mecklenburg,Southern Piedmont,5.692132700000000,247923.498174000007566,2686.277492709999933,1.000000000000000,224
95023,Jacobs Ladder Site,Full Delivery,Inactive,Long Term Mangement,Yadkin,03040105,03040105020040,Rowan,Central Piedmont,17.230264980000001,750550.342458000057377,11084.843270600000324,1.000000000000000,225
95024,Jacobs Landing Site,Full Delivery,Inactive,Long Term Mangement,Yadkin,03040105,03040105020040,Rowan,Central Piedmont,13.918225370000000,606277.897134999977425,9348.514772750000702,1.000000000000000,226
92550,Jarmans Oak,Full Delivery,Inactive,Long Term Mangement,White Oak,03030001,03030001010010,Onslow,Southern Outer Coastal Plain,35.350388570000000,1539862.925980000058189,13734.953569299999799,1.000000000000000,227
197,Johnson Site (Hunting Creek),Design-Bid-Build,Inactive,Long Term Mangement,Yadkin,03040102,03040102020030,Iredell,Central Piedmont,10.136588050000000,441615.037264999991748,5927.031792290000340,1.000000000000000,228
198,Jones Creek,Full Delivery,Inactive,Long Term Mangement,Yadkin,03040201,03040201020030,Anson,Southern Piedmont,104.090226250000001,4534170.255509999580681,11947.486941700000898,1.000000000000000,229
92614,Jordan Creek,Design-Bid-Build,Active,Active,Cape Fear,03030002,03030002030040,Alamance,Central Piedmont,21.664170580000000,943691.270582000026479,15938.371398400000544,1.000000000000000,230
199,Jumping Run Creek,Design-Bid-Build,Inactive,Long Term Mangement,Cape Fear,03030004,03030004090010,Harnett,Southern Inner Coastal Plain,69.208836250000004,3014736.907079999800771,7453.857535420000204,1.000000000000000,231
200,Jumping Run Creek,Design-Bid-Build,Inactive,Long Term Mangement,White Oak,03020106,03020106030060,Carteret,Southern Outer Coastal Plain,4.412700110000000,192217.216630000009900,3930.167027810000036,1.000000000000000,232
95027,Junes Branch Stream Restoration Site,Full Delivery,Inactive,Long Term Mangement,Little Tennessee,06010203,06010203020010,Jackson,Southern Mountains,5.811283260000000,253139.498674000002211,5912.527151299999787,1.000000000000000,233
201,Juniper Bay,Design-Bid-Build,Inactive,Long Term Mangement,Lumber,03040203,03040203180020,Robeson,Southern Inner Coastal Plain,729.688603869999952,31785292.202799998223782,22887.767415400001482,1.000000000000000,234
204,Ken-Cox (Millstone Creek),Design-Bid-Build,Active,Active,Cape Fear,03030003,03030003020030,Randolph,Central Piedmont,18.806851770000002,819226.463265000027604,8192.449693340000522,1.000000000000000,235
205,Kentwood Park,Design-Bid-Build,Inactive,Long Term Mangement,Neuse,03020201,03020201090010,Wake,Central Piedmont,2.906228070000000,126595.294592999998713,2698.648549170000024,1.000000000000000,236
206,Key Branch,Design-Bid-Build,Inactive,Long Term Mangement,Yadkin,03040104,03040104061010,Anson,Southern Piedmont,119.278490520000005,5195771.046900000423193,12115.709589000000051,1.000000000000000,237
208,Kings Creek,Design-Bid-Build,Inactive,Long Term Mangement,French Broad,06010105,06010105010050,Transylvania,Southern Mountains,7.084197600000000,308587.647386999975424,4008.208049190000111,1.000000000000000,238
209,Knobs Creek,Design-Bid-Build,Active,Active,Pasquotank,03010205,03010205050010,Pasquotank,Northern Outer Coastal Plain,22.644736370000000,986404.716361999977380,7560.511312309999994,1.000000000000000,239
92160,Lambert Tract-Uwharrie River Bluff,Design-Bid-Build,Inactive,Long Term Mangement,Yadkin,03040103,03040103050080,Montgomery,Southern Piedmont,19.344372719999999,842640.875545999966562,7501.406562269999995,1.000000000000000,240
92136,Langley Site-Cypress Creek,Design-Bid-Build,Inactive,Long Term Mangement,Tar-Pamlico,03020101,03020101070010,Franklin,Central Piedmont,40.265043650000003,1753945.301500000059605,9612.256202630000189,1.000000000000000,241
92707,Laxon Creek(Racey site),Design-Bid-Build,Inactive,Long Term Mangement,New,05050001,05050001020020,Watauga,Northern Mountains,1.426463360000000,62136.744091000000481,2347.440007199999854,1.000000000000000,242
92143,Lester Capps Tract-Shocco Creek,Design-Bid-Build,Inactive,Long Term Mangement,Tar-Pamlico,03020102,03020102010040,Warren,Central Piedmont,19.249386950000002,838505.745160000049509,5993.891314790000251,1.000000000000000,243
733,Lewis Creek,Design-Bid-Build,Inactive,Long Term Mangement,French Broad,06010105,06010105030040,Henderson,Southern Mountains,4.660396430000000,203006.868537000002107,3324.058914790000017,1.000000000000000,244
92161,Lewis Tract; Little River,Design-Bid-Build,Inactive,Long Term Mangement,Yadkin,03040104,03040104030020,Randolph,Central Piedmont,43.563512559999999,1897626.607000000076368,9022.004940430000715,1.000000000000000,245
219,Lick Creek,Full Delivery,Inactive,Long Term Mangement,Cape Fear,03030004,03030004010010,Lee,Southern Piedmont,53.865194819999999,2346367.886560000013560,13414.050574999999299,1.000000000000000,246
92166,Linville River-White Creek,Design-Bid-Build,Inactive,Long Term Mangement,Catawba,03050101,03050101030030,Burke,Northern Mountains,1425.375665269999899,62089363.979400001466274,56582.274978399997053,1.000000000000000,247
92213,Little Buffalo (G),Full Delivery,Inactive,Long Term Mangement,Neuse,03020201,03020201180070,Johnston,Northern Inner Coastal Plain,19.490684970000000,849014.237125999992713,5351.549388110000109,1.000000000000000,248
94147,Little Buffalo Creek Stream Mit. Site,Full Delivery,Inactive,Long Term Mangement,Yadkin,03040105,03040105020060,Cabarrus,Southern Piedmont,45.777826910000002,1994082.140170000027865,26806.893585699999676,1.000000000000000,249
92222,Little Contentnea-Buffer (G),Full Delivery,Inactive,Long Term Mangement,Neuse,03020203,03020203070050,Greene,Northern Inner Coastal Plain,55.665472260000001,2424787.971479999832809,38410.869541400003072,1.000000000000000,250
224,Little Grassy Creek,Design-Bid-Build,Inactive,Long Term Mangement,Roanoke,03010102,03010102161020,Granville,Central Piedmont,84.691952409999999,3689181.446959999855608,40266.040983999999298,1.000000000000000,251
92651,Little Ivy Creek (Barnhill Site),Design-Bid-Build,Inactive,Long Term Mangement,French Broad,06010105,06010105110020,Madison,Northern Mountains,2.768279860000000,120586.270560999997542,3098.051614049999898,1.000000000000000,252
92542,Little Lick Creek Buffer (Butler Road),Design-Bid-Build,Inactive,Long Term Mangement,Neuse,03020201,03020201050020,Durham,Central Piedmont,12.142865870000000,528943.237078999984078,4734.240772719999768,1.000000000000000,253
226,Little River,Design-Bid-Build,Inactive,Long Term Mangement,Cape Fear,03030004,03030004070050,Moore,Southern Piedmont,125.520844679999996,5467687.994219999760389,14907.986609199999293,1.000000000000000,254
92112,Little River Baker,Design-Bid-Build,Inactive,Long Term Mangement,Yadkin,03040104,03040104030020,Randolph,Central Piedmont,10.545413290000001,459376.075634000007994,3727.377189379999891,1.000000000000000,255
92113,Little River Cochran,Design-Bid-Build,Inactive,Long Term Mangement,Yadkin,03040104,03040104030010,Montgomery,Southern Piedmont,18.642348490000000,812060.700136000057682,8055.330143569999564,1.000000000000000,256
92759,Little River Farm,Full Delivery,Inactive,Long Term Mangement,Yadkin,03040104,03040104030010,Montgomery,Southern Piedmont,51.197521889999997,2230164.053419999778271,36667.759151799997198,1.000000000000000,257
92114,Little River Parker,Design-Bid-Build,Inactive,Long Term Mangement,Yadkin,03040104,03040104030020,Randolph,Central Piedmont,34.064352210000003,1483836.054089999990538,9193.164715069999147,1.000000000000000,258
92111,Little River Walbourn,Design-Bid-Build,Inactive,Long Term Mangement,Yadkin,03040104,03040104030020,Randolph,Central Piedmont,37.522727359999998,1634490.003759999992326,8570.268553710000560,1.000000000000000,259
92023,Little Shocco Creek O'Neal,Design-Bid-Build,Inactive,Long Term Mangement,Tar-Pamlico,03020102,03020102010030,Franklin,Central Piedmont,26.005630990000000,1132805.285750000039116,5039.207022450000295,1.000000000000000,260
92024,Little Shocco Creek Speed,Design-Bid-Build,Inactive,Long Term Mangement,Tar-Pamlico,03020102,03020102010030,Warren,Central Piedmont,44.550187450000003,1940606.165299999993294,10056.549468400000478,1.000000000000000,261
92025,Little Shocco Creek Tomlinson,Design-Bid-Build,Inactive,Long Term Mangement,Tar-Pamlico,03020102,03020102010030,Franklin,Central Piedmont,77.950263539999995,3395513.479820000007749,10968.658187299999554,1.000000000000000,262
92047,Little Shocco Creek Wheless,Design-Bid-Build,Inactive,Long Term Mangement,Tar-Pamlico,03020102,03020102010030,Franklin,Central Piedmont,14.634291970000000,637469.758094000048004,3848.078791989999900,1.000000000000000,263
92177,Little Table Rock 1,Design-Bid-Build,Inactive,Long Term Mangement,French Broad,06010108,06010108010020,Mitchell,Northern Mountains,478.204599789999975,20830592.366900000721216,29592.629402999999002,1.000000000000000,264
92169,Little Table Rock 2,Design-Bid-Build,Inactive,Long Term Mangement,French Broad,06010108,06010108010030,McDowell,Northern Mountains,66.309747430000002,2888452.598100000061095,13362.970010799999727,1.000000000000000,265
749,Little Troublesome,Design-Bid-Build,Inactive,Long Term Mangement,Cape Fear,03030002,03030002010030,Rockingham,Central Piedmont,31.028523560000000,1351602.793880000011995,7817.786740700000337,1.000000000000000,266
94640,Little Troublesome Creek Mitigation Site,Full Delivery,Inactive,Long Term Mangement,Cape Fear,03030002,03030002010030,Rockingham,Central Piedmont,52.097071100000001,2269401.463599999900907,15039.663557800000490,1.000000000000000,267
92534,Little White Oak Creek,Full Delivery,Inactive,Long Term Mangement,Broad,03050105,03050105030010,Polk,Southern Piedmont,55.087892439999997,2399628.594519999809563,30239.518726900001639,1.000000000000000,268
92327,Lloyd Site,Full Delivery,Inactive,Long Term Mangement,White Oak,03030001,03030001010030,Onslow,Southern Outer Coastal Plain,24.121434839999999,1050729.701829999918118,11750.123067799999262,1.000000000000000,269
95008,Loflin Dairy Buffer Mitigation Site,Full Delivery,Inactive,Long Term Mangement,Cape Fear,03030003,03030003010060,Randolph,Central Piedmont,9.750421230000001,424728.348972000007052,8953.429458189999423,1.000000000000000,270
92515,Logan Creek,Full Delivery,Inactive,Long Term Mangement,Savannah,03060101,03060101010020,Jackson,Southern Mountains,12.714279660000001,553834.022128000040539,8658.905112189999272,1.000000000000000,271
92168,Lone Mountain 1 -Phase Two,Design-Bid-Build,Inactive,Long Term Mangement,Broad,03050105,03050105060020,McDowell,Northern Mountains,166.628899509999997,7258354.862759999930859,21158.541157499999827,1.000000000000000,272
92171,Lone Mountain 2 -Phase Two,Design-Bid-Build,Inactive,Long Term Mangement,Broad,03050105,03050105080010,Rutherford,Southern Piedmont,1095.264556379999931,47709724.076099999248981,46443.005498099999386,1.000000000000000,273
92178,Lost Bridge,Design-Bid-Build,Inactive,Long Term Mangement,Little Tennessee,06010202,06010202040030,Macon,Southern Mountains,160.461695719999994,6989711.465719999745488,11784.059978499999488,1.000000000000000,274
234,Louisburg (UT to Tar River),Design-Bid-Build,Inactive,Long Term Mangement,Tar-Pamlico,03020101,03020101040070,Franklin,Central Piedmont,3.018989840000000,131507.197335000004387,3648.840665619999982,1.000000000000000,275
236,Lowell Mill,Full Delivery,Inactive,Long Term Mangement,Neuse,03020201,03020201180060,Johnston,Northern Inner Coastal Plain,16.591714710000002,722735.092733999947086,7085.076439649999884,1.000000000000000,276
94643,Lyle Creek Mitigation Site,Full Delivery,Inactive,Long Term Mangement,Catawba,03050101,03050101140010,Catawba,Central Piedmont,26.616296640000002,1159405.881460000062361,12740.779202100000475,1.000000000000000,277
239,Mallard Creek,Design-Bid-Build,Inactive,Long Term Mangement,Yadkin,03040105,03040105010040,Mecklenburg,Southern Piedmont,10.078174790000000,439005.294006999989506,5069.804332589999831,1.000000000000000,278
96314,Maney Farm Stream Mitigation Site,Full Delivery,Inactive,Long Term Mangement,Cape Fear,03030002,03030002050050,Chatham,Central Piedmont,16.692779860000002,727137.490713999955915,9761.779737749999185,1.000000000000000,279
92231,Manning Farm (G),Full Delivery,Inactive,Long Term Mangement,Tar-Pamlico,03020103,03020103050040,Edgecombe,Northern Inner Coastal Plain,10.000355750000001,435615.496487000025809,4747.390302990000237,1.000000000000000,280
92248,Mark's Creek TESC,Design-Bid-Build,Inactive,Long Term Mangement,Neuse,03020201,03020201100020,Wake,Central Piedmont,31.581674280000001,1375697.731570000061765,7454.440678769999977,1.000000000000000,281
97087,Martin Dairy Mitigation Site-Option 2,Full Delivery,Inactive,Long Term Mangement,Neuse,03020201,03020201030030,Orange,Central Piedmont,11.154816540000001,485903.808559999975841,3795.243899930000225,1.000000000000000,282
92633,Martins Creek II,Design-Bid-Build,Inactive,Long Term Mangement,Hiwassee,06020002,06020002170010,Cherokee,Southern Mountains,93.868268540000003,4088901.777600000146776,48491.488442100002430,1.000000000000000,283
241,Mary's Creek,Design-Bid-Build,Inactive,Long Term Mangement,Cape Fear,03030002,03030002050020,Alamance,Central Piedmont,6.808535410000000,296579.802657999971416,4232.170464509999874,1.000000000000000,284
718,Mashoe's Road,Design-Bid-Build,Inactive,Long Term Mangement,Pasquotank,03010205,03010205190010,Dare,Northern Outer Coastal Plain,398.803753540000002,17371891.504299998283386,42266.853986499998427,1.000000000000000,285
92328,Mason Farm,Full Delivery,Inactive,Long Term Mangement,Tar-Pamlico,03020105,03020105030010,Hyde,Northern Outer Coastal Plain,36.079224869999997,1571611.035119999898598,5865.289561569999933,1.000000000000000,286
92009,Mayo River & Buffalo Creek Gorrell,Design-Bid-Build,Inactive,Long Term Mangement,Roanoke,03010103,03010103220020,Rockingham,Central Piedmont,78.226376520000002,3407540.961019999813288,8616.484253020000324,1.000000000000000,287
92010,Mayo River Grogan,Design-Bid-Build,Inactive,Long Term Mangement,Roanoke,03010103,03010103220020,Rockingham,Central Piedmont,81.312776299999996,3541984.535459999926388,9337.840883069999109,1.000000000000000,288
92011,Mayo River Hickory Creek Robertson,Design-Bid-Build,Inactive,Long Term Mangement,Roanoke,03010103,03010103220020,Rockingham,Central Piedmont,166.342685929999988,7245887.398919999599457,12490.968923300000824,1.000000000000000,289
443,McCain Property,Design-Bid-Build,Inactive,Long Term Mangement,Yadkin,03040103,03040103050050,Randolph,Central Piedmont,12.869701550000000,560604.199469999992289,5188.430517220000183,1.000000000000000,290
242,McDonald's Pond,Full Delivery,Inactive,Long Term Mangement,Yadkin,03040201,03040201010020,Richmond,Southern Piedmont,127.862262990000005,5569680.175920000299811,19573.770563199999742,1.000000000000000,291
92604,McGowan Creek,Design-Bid-Build,Active,Active,Neuse,03020201,03020201030020,Orange,Central Piedmont,30.630898219999999,1334281.926290000090376,15741.677435699999478,1.000000000000000,292
243,McIntyre Creek @ Hornets Nest Park,Design-Bid-Build,Inactive,Long Term Mangement,Catawba,03050101,03050101170020,Mecklenburg,Southern Piedmont,17.040767140000000,742295.816642999998294,9640.777621540000837,1.000000000000000,293
244,McIntyre Property,Full Delivery,Inactive,Long Term Mangement,Cape Fear,03030005,03030005040010,Brunswick,Southern Outer Coastal Plain,131.117922300000004,5711496.695589999668300,11023.289828900000430,1.000000000000000,294
92573,McKee Creek,Design-Bid-Build,Inactive,Long Term Mangement,Yadkin,03040105,03040105010050,Cabarrus,Southern Piedmont,17.516477470000002,763017.758467999985442,12492.103837399999975,1.000000000000000,295
92141,McNair Tract (Turpentine; LLC)-Aycock Creek,Design-Bid-Build,Inactive,Long Term Mangement,Tar-Pamlico,03020101,03020101010060,Granville,Central Piedmont,211.208704360000013,9200251.161979999393225,23166.508678400001372,1.000000000000000,296
92351,Meadowbranch (Fivemile Branch),Design-Bid-Build,Inactive,Long Term Mangement,Lumber,03040203,03040203080010,Robeson,Southern Inner Coastal Plain,55.401958049999998,2413309.292729999870062,10633.300030700000207,1.000000000000000,297
92706,Meat Camp Creek (Miller site),Design-Bid-Build,Inactive,Long Term Mangement,New,05050001,05050001020020,Watauga,Northern Mountains,0.716864930000000,31221.547481599998719,1325.266568190000044,1.000000000000000,298
247,Meredell Farm Site,Design-Bid-Build,Inactive,Long Term Mangement,Cape Fear,03030003,03030003020010,Randolph,Central Piedmont,55.373306800000002,2412061.244049999862909,29440.633420400001341,1.000000000000000,299
92703,Middle Fork Creek (Phillips/Willis),Design-Bid-Build,Inactive,Long Term Mangement,French Broad,06010105,06010105110020,Madison,Northern Mountains,7.263184700000000,316397.094146999996156,10692.194668199999796,1.000000000000000,300
93875,Middle South Muddy Creek,Design-Bid-Build,Inactive,Long Term Mangement,Catawba,03050101,03050101040020,McDowell,Northern Mountains,41.058420920000003,1788445.789339999901131,18643.902811200001452,1.000000000000000,301
250,Mildred Woods,Design-Bid-Build,Inactive,Long Term Mangement,Tar-Pamlico,03020103,03020103010020,Edgecombe,Northern Inner Coastal Plain,598.308625939999956,26062323.745999999344349,42568.018633400002727,1.000000000000000,302
251,Mill Branch,Design-Bid-Build,Inactive,Long Term Mangement,Lumber,03040206,03040206060020,Columbus,Southern Inner Coastal Plain,72.306069469999997,3149652.386189999990165,17650.925848300001235,1.000000000000000,303
253,Mill Creek (formerly Uwharrie Heritage),Design-Bid-Build,Inactive,Long Term Mangement,Yadkin,03040103,03040103050080,Randolph,Central Piedmont,124.352400560000007,5416874.361859999597073,53364.053860300002270,1.000000000000000,304
92156,Mingo Tract,Design-Bid-Build,Inactive,Long Term Mangement,Yadkin,03040101,03040101010020,Caldwell,Northern Mountains,5648.311855179999839,246040464.412000000476837,216009.949312000011560,1.000000000000000,305
256,Mocassin Creek (G),Design-Bid-Build,Inactive,Long Term Mangement,Neuse,03020203,03020203010010,Wake,Central Piedmont,83.109247389999993,3620238.816190000157803,10699.062227000000348,1.000000000000000,306
92212,Moccasin Creek-Buffer (G),Full Delivery,Inactive,Long Term Mangement,Neuse,03020201,03020201160010,Johnston,Northern Inner Coastal Plain,20.515373430000000,893649.666409000055864,8353.754530180000074,1.000000000000000,307
92227,Modlin Site,Full Delivery,Inactive,Long Term Mangement,Roanoke,03010107,03010107150010,Martin,Northern Inner Coastal Plain,41.241146030000003,1796464.321169999893755,6660.690147049999723,1.000000000000000,308
725,Moore Property (G),Design-Bid-Build,Inactive,Long Term Mangement,Neuse,03020201,03020201110070,Johnston,Northern Inner Coastal Plain,84.199711280000002,3667739.423200000077486,8161.539280369999688,1.000000000000000,309
94709,Moores Fork,Design-Bid-Build,Active,Active,Yadkin,03040101,03040101100010,Surry,Central Piedmont,134.323753990000000,5851142.723779999651015,31260.862850800000160,1.000000000000000,310
92527,Morgan Creek,Full Delivery,Inactive,Long Term Mangement,Broad,03050105,03050105040040,McDowell,Northern Mountains,42.614125100000003,1856271.289369999896735,37939.761159299996507,1.000000000000000,311
92240,Morgan Creek (Bolin Stewardship Tract),Design-Bid-Build,Active,Active,Cape Fear,03030002,03030002060070,Orange,Central Piedmont,17.172238830000001,748014.937165000010282,7285.434297859999788,1.000000000000000,312
92531,Morgan Creek (French Broad),Full Delivery,Inactive,Long Term Mangement,French Broad,06010106,06010106020040,Haywood,Southern Mountains,10.242121579999999,446146.815811000007670,8570.830503529999987,1.000000000000000,313
258,Morgan Creek Floodplain,Design-Bid-Build,Inactive,Long Term Mangement,Cape Fear,03030002,03030002060080,Orange,Central Piedmont,31.537762820000001,1373784.948610000079498,6381.599843889999647,1.000000000000000,314
92270,Moye Farm Phase I (G),Full Delivery,Inactive,Long Term Mangement,Neuse,03020203,03020203050040,Greene,Northern Inner Coastal Plain,37.295022619999997,1624571.185220000101253,13093.590714300000400,1.000000000000000,315
259,Moye Farm Phase II (G),Full Delivery,Inactive,Long Term Mangement,Neuse,03020203,03020203070050,Greene,Northern Inner Coastal Plain,49.959246049999997,2176224.757890000008047,29419.191392299999279,1.000000000000000,316
260,Mud Creek,Design-Bid-Build,Inactive,Long Term Mangement,French Broad,06010105,06010105030030,Henderson,Southern Mountains,39.133955829999998,1704675.115980000002310,7119.056626139999935,1.000000000000000,317
93482,Mud Lick Creek - Thomas Site,Design-Bid-Build,Active,Active,Cape Fear,03030003,03030003070010,Chatham,Central Piedmont,11.154620720000000,485893.334971999982372,6290.166118510000160,1.000000000000000,318
737,Muddy Creek(Randolph/Duncan Properties),Design-Bid-Build,Inactive,Long Term Mangement,Catawba,03050101,03050101040020,McDowell,Northern Mountains,17.108898140000001,745263.603132999967784,5673.234245290000217,1.000000000000000,319
95354,Muddy Run II Site,Full Delivery,Inactive,Long Term Mangement,Cape Fear,03030007,03030007060010,Duplin,Southern Inner Coastal Plain,37.617955770000002,1638638.153369999956340,24877.603590499998973,1.000000000000000,320
95018,Muddy Run Site,Full Delivery,Inactive,Long Term Mangement,Cape Fear,03030007,03030007060010,Duplin,Southern Inner Coastal Plain,21.496054010000002,936368.112653000047430,12786.398921100000734,1.000000000000000,321
261,Naked Creek,Design-Bid-Build,Inactive,Long Term Mangement,Yadkin,03040101,03040101010100,Wilkes,Northern Mountains,3.895092180000000,169670.215267999999924,5383.607600420000381,1.000000000000000,322
92179,Needmore Tract,Design-Bid-Build,Inactive,Long Term Mangement,Little Tennessee,06010202,06010202060010,Swain,Southern Mountains,4053.854218959999798,176585948.553999990224838,219973.483663999999408,1.000000000000000,323
92872,Neighbors Br./ Walton Crawley Br.,Design-Bid-Build,Inactive,Long Term Mangement,Catawba,03050101,03050101040010,McDowell,Northern Mountains,33.404680730000003,1455111.991820000112057,19117.255207599999267,1.000000000000000,324
265,Neu-Con MBI (Marston),Full Delivery,Inactive,Credit Purchase Complete,Neuse,03020204,03020204010040,Jones,Southern Outer Coastal Plain,86.109611340000001,3750934.669970000162721,11130.943627099999503,1.000000000000000,325
263,Neu-Con MBI (Nahunta),Full Delivery,Inactive,Credit Purchase Complete,Neuse,03020203,03020203060020,Wayne,Northern Inner Coastal Plain,188.583487149999996,8214696.700079999864101,30306.168557799999689,1.000000000000000,326
92089,New Hope Creek Penny,Design-Bid-Build,Inactive,Long Term Mangement,Cape Fear,03030002,03030002060110,Orange,Central Piedmont,20.145543329999999,877539.867483000038192,4291.280737260000024,1.000000000000000,327
92090,New Hope Creek Trinity School,Design-Bid-Build,Inactive,Long Term Mangement,Cape Fear,03030002,03030002060110,Orange,Central Piedmont,26.497448989999999,1154228.878019999945536,5422.626822680000259,1.000000000000000,328
92173,New River Heights Tract-New River,Design-Bid-Build,Inactive,Long Term Mangement,New,05050001,05050001020070,Ashe,Northern Mountains,109.913131440000001,4787816.005459999665618,9836.379826739999771,1.000000000000000,329
92497,Newfound Creek,Design-Bid-Build,Inactive,Long Term Mangement,French Broad,06010105,06010105090020,Buncombe,Southern Mountains,25.274742490000001,1100967.783000000054017,22291.685954299999139,1.000000000000000,330
92151,Newton Tract-White Pines,Design-Bid-Build,Inactive,Long Term Mangement,Cape Fear,03030003,03030003070060,Chatham,Central Piedmont,14.526983120000001,632795.384729000041261,4941.393244199999572,1.000000000000000,331
94150,Newtown Stream and Wetland Restoration Site,Full Delivery,Inactive,Long Term Mangement,Catawba,03050103,03050103030020,Union,Southern Piedmont,16.395180910000001,714174.080637000035495,10504.618597900000168,1.000000000000000,332
441,Nicholls Farm (Troublesome Creek),Design-Bid-Build,Inactive,Long Term Mangement,Chowan,03010203,03010203090040,Bertie,Northern Outer Coastal Plain,76.680572679999997,3340205.746150000020862,16657.810748100000637,1.000000000000000,333
95360,Norkett Branch,Full Delivery,Inactive,Long Term Mangement,Yadkin,03040105,03040105081020,Union,Southern Piedmont,31.604857079999999,1376707.574389999965206,19295.028092699998524,1.000000000000000,334
96310,Norman's Pasture II,Full Delivery,Inactive,Long Term Mangement,Cape Fear,03030006,03030006110040,Sampson,Southern Inner Coastal Plain,16.340651579999999,711798.782846000045538,11300.417994100000215,1.000000000000000,335
95717,Norman's Pasture Stream and Riparian Wetland,Full Delivery,Inactive,Long Term Mangement,Cape Fear,03030006,03030006110040,Sampson,Southern Inner Coastal Plain,36.919923930000003,1608231.886329999892041,6445.017984979999710,1.000000000000000,336
92026,North Fork Upper Tar River Winslow,Design-Bid-Build,Inactive,Long Term Mangement,Tar-Pamlico,03020101,03020101010040,Granville,Central Piedmont,36.793926100000000,1602743.420900000026450,6587.849990290000278,1.000000000000000,337
92611,North Muddy Creek,Full Delivery,Inactive,Long Term Mangement,Catawba,03050101,03050101040010,McDowell,Northern Mountains,34.653593899999997,1509510.550400000065565,18672.100631500001327,1.000000000000000,338
92128,North Pacolet Childers,Design-Bid-Build,Inactive,Long Term Mangement,Broad,03050105,03050105150010,Polk,Southern Piedmont,39.840318369999999,1735444.268369999947026,6226.076424720000432,1.000000000000000,339
272,Northgate Park (Ellerbe) (G),Design-Bid-Build,Inactive,Long Term Mangement,Neuse,03020201,03020201050010,Durham,Central Piedmont,7.539858120000000,328457.908424000022933,7050.959847070000251,1.000000000000000,340
628,Norwood Gainey Site (G),Design-Bid-Build,Inactive,Long Term Mangement,Neuse,03020202,03020202010030,Wayne,Northern Inner Coastal Plain,58.384326379999997,2543221.256920000072569,9079.880610969999907,1.000000000000000,341
273,Oakley Crossroads (G),Design-Bid-Build,Inactive,Long Term Mangement,Tar-Pamlico,03020103,03020103090020,Pitt,Northern Inner Coastal Plain,26.610937780000000,1159200.004040000028908,9620.662568390000160,1.000000000000000,342
92708,Obids Creek(Wild site),Design-Bid-Build,Inactive,Long Term Mangement,New,05050001,05050001010010,Ashe,Northern Mountains,2.597015240000000,113119.745074000005843,3684.053960440000083,1.000000000000000,343
92170,Old Cove Tract-Green River-Burdett Property,Design-Bid-Build,Inactive,Long Term Mangement,Broad,03050105,03050105020020,Polk,Southern Piedmont,23.981000479999999,1044612.381070000003092,4755.169115740000052,1.000000000000000,344
275,Open Springs,Full Delivery,Inactive,Long Term Mangement,Cape Fear,03030003,03030003020020,Randolph,Central Piedmont,15.143592900000000,659654.906883000046946,10043.247235099999671,1.000000000000000,345
276,Paschal GC (Richland Ck) (G),Design-Bid-Build,Active,Active,Neuse,03020201,03020201070060,Wake,Central Piedmont,8.530831969999999,371610.250820000015665,6343.286224290000064,1.000000000000000,346
279,Payne Dairy,Design-Bid-Build,Inactive,Long Term Mangement,Catawba,03050101,03050101120040,Alexander,Central Piedmont,40.216359050000001,1751824.600189999910071,16158.151443599999766,1.000000000000000,347
95713,Pepperwood Riparian Buffer Mitigation Site,Full Delivery,Inactive,Long Term Mangement,Neuse,03020201,03020201120010,Wake,Central Piedmont,12.649712870000000,551021.492821000050753,12098.696772900000724,1.000000000000000,348
283,Perry Property (UT to Pembroke),Design-Bid-Build,Inactive,Long Term Mangement,Pasquotank,03010205,03010205120010,Chowan,Northern Outer Coastal Plain,59.403305349999997,2587607.980930000077933,15004.949163799999951,1.000000000000000,349
92159,Pickler's Bluff,Design-Bid-Build,Inactive,Long Term Mangement,Yadkin,03040102,03040102050030,Rowan,Central Piedmont,10.531182899999999,458738.327149000018835,2759.999803610000072,1.000000000000000,350
92518,Pinch Gut Tributary,Full Delivery,Inactive,Long Term Mangement,Roanoke,03010103,03010103170030,Stokes,Central Piedmont,31.777226620000000,1384215.991669999901205,21450.310263300001679,1.000000000000000,351
92607,Plemmons-Kirkpatrick Spring Creek WRC,Design-Bid-Build,Inactive,Long Term Mangement,French Broad,06010105,06010105120010,Madison,Northern Mountains,2.099508320000000,91454.582438500001444,1624.469502839999905,1.000000000000000,352
92549,Plum Creek,Full Delivery,Inactive,Long Term Mangement,Lumber,03040207,03040207020010,Brunswick,Southern Outer Coastal Plain,89.361706310000002,3892595.926930000074208,8276.317849920000299,1.000000000000000,353
285,Pott Creek,Full Delivery,Inactive,Long Term Mangement,Catawba,03050102,03050102040020,Lincoln,Southern Piedmont,75.234461980000006,3277213.163860000204295,11917.789267899999686,1.000000000000000,354
286,Pott Creek II,Full Delivery,Inactive,Long Term Mangement,Catawba,03050102,03050102040020,Catawba,Central Piedmont,90.081442159999995,3923947.620569999795407,19327.257270999998582,1.000000000000000,355
92548,Powell Property,Full Delivery,Inactive,Long Term Mangement,Chowan,03010203,03010203050011,Bertie,Northern Outer Coastal Plain,55.949494090000002,2437159.962720000185072,9649.966479329999856,1.000000000000000,356
289,Prestonwood G.C.,Design-Bid-Build,Inactive,Long Term Mangement,Neuse,03020201,03020201080010,Wake,Central Piedmont,9.321715190000001,405975.168972000014037,10448.725805899999614,1.000000000000000,357
291,Price Park,Design-Bid-Build,Inactive,Long Term Mangement,Cape Fear,03030002,03030002020010,Guilford,Central Piedmont,8.244436909999999,358923.108421000011731,4343.296849749999637,1.000000000000000,358
293,Privateer Farms,Full Delivery,Inactive,Long Term Mangement,Cape Fear,03030005,03030005010020,Cumberland,Southern Inner Coastal Plain,430.000072219999993,18730803.145799998193979,51775.492879199999152,1.000000000000000,359
92522,Puzzle Creek,Full Delivery,Inactive,Long Term Mangement,Broad,03050105,03050105070050,Rutherford,Southern Piedmont,11.407992200000001,496932.140210999990813,8382.767116639999585,1.000000000000000,360
92167,Rankin Tract,Design-Bid-Build,Inactive,Long Term Mangement,Catawba,03050101,03050101160040,Gaston,Southern Piedmont,506.137016979999999,22047328.459600001573563,31556.027642699998978,1.000000000000000,361
92220,Reeds Creek,Full Delivery,Inactive,Long Term Mangement,Catawba,03050101,03050101150010,Iredell,Central Piedmont,15.098921989999999,657709.041950999991968,5103.977428899999722,1.000000000000000,362
301,Reedy Branch,Design-Bid-Build,Inactive,Long Term Mangement,Cape Fear,03030002,03030002050050,Alamance,Central Piedmont,15.534628800000000,676688.430339999962598,5144.939679850000175,1.000000000000000,363
92050,Reedy Creek Johnston,Design-Bid-Build,Inactive,Long Term Mangement,Tar-Pamlico,03020102,03020102030010,Warren,Central Piedmont,64.687281600000006,2817777.986570000182837,17564.308906499998557,1.000000000000000,364
92344,Rhodes Pond,Design-Bid-Build,Inactive,Long Term Mangement,Cape Fear,03030006,03030006010010,Cumberland,Southern Inner Coastal Plain,702.976017619999993,30621635.327399998903275,42896.556797999997798,1.000000000000000,365
303,Rich Fork FDP (Bodenheimer-Parker),Full Delivery,Inactive,Long Term Mangement,Yadkin,03040103,03040103030030,Davidson,Central Piedmont,26.525429650000000,1155447.715360000031069,5143.788711870000043,1.000000000000000,366
92758,Rockwell Pastures,Full Delivery,Inactive,Long Term Mangement,Yadkin,03040104,03040104010020,Stanly,Southern Piedmont,51.077610530000001,2224940.714860000181943,37054.001312000000325,1.000000000000000,367
308,Rocky Branch,Design-Bid-Build,Inactive,Long Term Mangement,Yadkin,03040102,03040102020030,Yadkin,Central Piedmont,24.095383129999998,1049594.888959999894723,8103.446016240000063,1.000000000000000,368
312,Roquist,Design-Bid-Build,Inactive,Long Term Mangement,Roanoke,03010107,03010107130010,Bertie,Northern Outer Coastal Plain,3904.679768810000041,170087850.729000002145767,98093.551902599996538,1.000000000000000,369
96309,Roses Creek Stream Mitigation Site,Full Delivery,Inactive,Long Term Mangement,Catawba,03050101,03050101060030,Burke,Northern Mountains,17.612212570000001,767187.979453000007197,9265.823176070000045,1.000000000000000,370
97005,Rough Horn Swamp Restoration Site,Full Delivery,Active,Active,Lumber,03040203,03040203190010,Columbus,Southern Inner Coastal Plain,33.497547859999997,1459153.184959999984130,7306.930803539999943,1.000000000000000,371
317,Rowan Branch,Design-Bid-Build,Active,Active,Cape Fear,03030006,03030006110030,Sampson,Southern Inner Coastal Plain,96.661045599999994,4210555.146399999968708,14682.432035899999391,1.000000000000000,372
746,Rowel Branch,Full Delivery,Inactive,Long Term Mangement,Cape Fear,03030005,03030005040010,Brunswick,Southern Outer Coastal Plain,16.469496390000000,717411.262899999972433,9072.118290169999455,1.000000000000000,373
92675,SALT (Sandhill Area Land Trust),Design-Bid-Build,Inactive,Long Term Mangement,Cape Fear,03030004,03030004070050,Moore,Southern Piedmont,346.692001269999992,15101966.189899999648333,21238.911630499998864,1.000000000000000,374
96920,Sandy Bridge Farm,Full Delivery,Inactive,Long Term Mangement,Broad,03050105,03050105070020,Rutherford,Southern Piedmont,9.454040669999999,411818.011702999996487,3268.208646000000044,1.000000000000000,375
321,Sandy Creek,Design-Bid-Build,Inactive,Long Term Mangement,Cape Fear,03030003,03030003020010,Randolph,Central Piedmont,12.904655020000000,562126.772508000023663,3734.131349899999805,1.000000000000000,376
322,Sandy Creek,Design-Bid-Build,Active,Active,Cape Fear,03030002,03030002060110,Durham,Central Piedmont,22.632068480000001,985852.903169999946840,7838.650463640000453,1.000000000000000,377
80,Sandy Creek -- Charles Williams (G),Design-Bid-Build,Inactive,Long Term Mangement,Cape Fear,03030003,03030003020010,Randolph,Central Piedmont,18.003491170000000,784232.075156999984756,10772.790062699999908,1.000000000000000,378
92052,Sandy Creek Mullen,Design-Bid-Build,Inactive,Long Term Mangement,Tar-Pamlico,03020101,03020101130040,Franklin,Central Piedmont,28.636505170000000,1247406.165090000024065,7265.460243810000065,1.000000000000000,379
92028,Sandy Creek Parrish,Design-Bid-Build,Inactive,Long Term Mangement,Tar-Pamlico,03020101,03020101130050,Franklin,Central Piedmont,33.391786089999997,1454546.202240000013262,10811.356470200000331,1.000000000000000,380
92175,Sandymush HQP-Progress Energy,Design-Bid-Build,Inactive,Long Term Mangement,French Broad,06010105,06010105100020,Madison,Northern Mountains,2684.196030369999789,116923579.083000004291534,218256.002116999996360,1.000000000000000,381
94148,Scaly Bark Creek Mitigation Site,Full Delivery,Inactive,Long Term Mangement,Yadkin,03040105,03040105060030,Stanly,Southern Piedmont,26.584237699999999,1158009.394000000087544,15979.410029299999223,1.000000000000000,382
92081,Sevenmile Creek Camp Chestnut Ridge,Design-Bid-Build,Inactive,Long Term Mangement,Neuse,03020201,03020201030020,Orange,Central Piedmont,59.748322920000000,2602636.946279999800026,11089.252379600000495,1.000000000000000,383
92916,Shadrick Creek,Design-Bid-Build,Inactive,Long Term Mangement,Catawba,03050101,03050101030060,McDowell,Northern Mountains,54.528275930000000,2375217.461769999936223,27072.344332600001508,1.000000000000000,384
92241,Sharpe Wetland Preservation,Design-Bid-Build,Active,Active,Cape Fear,03030002,03030002010010,Rockingham,Central Piedmont,17.122190790000001,745842.630871000001207,5709.769873619999998,1.000000000000000,385
92029,Shelton Creek Peterson,Design-Bid-Build,Inactive,Long Term Mangement,Tar-Pamlico,03020101,03020101010030,Granville,Central Piedmont,41.137946739999997,1791968.960110000101849,9277.074080099999264,1.000000000000000,386
92055,Shelton Creek Slaughter,Design-Bid-Build,Inactive,Long Term Mangement,Tar-Pamlico,03020101,03020101010030,Granville,Central Piedmont,35.250454140000002,1535509.782519999891520,6237.136367709999831,1.000000000000000,387
92056,Shelton Creek Thorp/Morton,Design-Bid-Build,Inactive,Long Term Mangement,Tar-Pamlico,03020101,03020101010030,Granville,Central Piedmont,58.097453459999997,2530523.959749999921769,10897.832605800000238,1.000000000000000,388
92030,Shelton Creek Tucker-Daniel 1,Design-Bid-Build,Inactive,Long Term Mangement,Tar-Pamlico,03020101,03020101010030,Granville,Central Piedmont,19.349495139999998,842864.008473000023514,4279.795663949999835,1.000000000000000,389
92018,Shelton Creek Tucker-Daniel 2,Design-Bid-Build,Inactive,Long Term Mangement,Tar-Pamlico,03020101,03020101010030,Granville,Central Piedmont,3.440791420000000,149921.159713000000920,1967.324542099999917,1.000000000000000,390
333,Shepherd's Tree,Design-Bid-Build,Inactive,Long Term Mangement,Yadkin,03040102,03040102040030,Iredell,Central Piedmont,161.892725880000000,7051887.398670000024140,17604.535201999999117,1.000000000000000,391
92031,Shocco Creek Alston 1; 2; 3,Design-Bid-Build,Inactive,Long Term Mangement,Tar-Pamlico,03020102,03020102010040,Franklin,Central Piedmont,344.160458510000012,14991653.161499999463558,71108.223587900007260,1.000000000000000,392
92057,Shocco Creek D Davis,Design-Bid-Build,Inactive,Long Term Mangement,Tar-Pamlico,03020102,03020102010040,Warren,Central Piedmont,12.283815360000000,535082.997111000004224,3824.405584459999773,1.000000000000000,393
92059,Shocco Creek Gupton,Design-Bid-Build,Inactive,Long Term Mangement,Tar-Pamlico,03020102,03020102010040,Franklin,Central Piedmont,179.949269679999986,7838590.187409999780357,18373.810050200001569,1.000000000000000,394
92137,Shocco Creek LLC-Little Shocco Creek,Design-Bid-Build,Inactive,Long Term Mangement,Tar-Pamlico,03020102,03020102010030,Franklin,Central Piedmont,40.426189399999998,1760964.810340000083670,11640.971638000000894,1.000000000000000,395
335,Silas Creek,Design-Bid-Build,Inactive,Long Term Mangement,Yadkin,03040101,03040101170040,Forsyth,Central Piedmont,15.284011019999999,665756.755544999963604,9704.762379679999867,1.000000000000000,396
336,Silver Creek,Full Delivery,Inactive,Long Term Mangement,Catawba,03050101,03050101050050,Burke,Northern Mountains,31.762471300000001,1383577.736670000012964,18234.509540600000037,1.000000000000000,397
92233,Simpson Buffer (G),Full Delivery,Inactive,Long Term Mangement,Tar-Pamlico,03020104,03020104080010,Beaufort,Northern Outer Coastal Plain,45.003384629999999,1960347.434409999987110,21252.639528499999869,1.000000000000000,398
92234,Simpson Wetland,Full Delivery,Inactive,Long Term Mangement,Tar-Pamlico,03020104,03020104080010,Beaufort,Northern Outer Coastal Plain,30.000163730000001,1306807.132230000104755,5600.960021459999552,1.000000000000000,399
92663,Sink Hole Creek,Full Delivery,Inactive,Long Term Mangement,French Broad,06010108,06010108040010,Mitchell,Northern Mountains,10.368055480000001,451632.496754999971017,12447.480064100000163,1.000000000000000,400
92130,Skyuka Creek Luthi,Design-Bid-Build,Inactive,Long Term Mangement,Broad,03050105,03050105150010,Polk,Southern Piedmont,19.554347390000000,851787.372220000019297,4231.606044840000322,1.000000000000000,401
340,Sleepy Creek,Full Delivery,Inactive,Long Term Mangement,Neuse,03020202,03020202030030,Lenoir,Southern Inner Coastal Plain,115.599405309999995,5035510.095370000228286,10670.880190199999561,1.000000000000000,402
95017,Sliver Moon Non-Riparian Wetland Mitigation Site,Full Delivery,Inactive,Long Term Mangement,Neuse,03020202,03020202080010,Craven,Southern Outer Coastal Plain,17.082172079999999,744099.415994000039063,3698.860595699999976,1.000000000000000,403
343,Smith/Austin Creek (G),Design-Bid-Build,Inactive,Long Term Mangement,Neuse,03020201,03020201070070,Wake,Central Piedmont,36.756374280000003,1601107.663769999984652,21056.684509200000321,1.000000000000000,404
344,Snow Creek,Design-Bid-Build,Inactive,Long Term Mangement,Roanoke,03010103,03010103180010,Stokes,Central Piedmont,17.204367019999999,749422.227262999978848,8638.125175940000190,1.000000000000000,405
92764,Snowbird Tributaries,Full Delivery,Inactive,Long Term Mangement,Little Tennessee,06010204,06010204020010,Graham,Southern Mountains,13.062692990000000,569010.906636000028811,17566.650382600000739,1.000000000000000,406
346,South Fork,Full Delivery,Inactive,Long Term Mangement,Catawba,03050102,03050102040010,Catawba,Central Piedmont,67.796766160000004,2953227.134029999841005,21952.474343400001089,1.000000000000000,407
92701,South Fork Big Pine Creek(Charles/McGinnis),Design-Bid-Build,Inactive,Long Term Mangement,French Broad,06010105,06010105100040,Madison,Northern Mountains,1.097046860000000,47787.361247599998023,2359.500149259999944,1.000000000000000,408
347,South Fork Hopper,Full Delivery,Inactive,Long Term Mangement,Catawba,03050101,03050101040020,McDowell,Northern Mountains,33.454508959999998,1457278.410240000113845,12166.211302600000636,1.000000000000000,409
348,South Muddy Creek,Full Delivery,Inactive,Long Term Mangement,Catawba,03050101,03050101040020,McDowell,Northern Mountains,29.252596680000000,1274104.311789999948815,23405.289771299998392,1.000000000000000,410
349,Sparta Bog,Design-Bid-Build,Inactive,Long Term Mangement,New,05050001,05050001030020,Alleghany,Northern Mountains,310.645862439999974,13531648.246400000527501,29181.083845500001189,1.000000000000000,411
351,Speight Branch,Design-Bid-Build,Inactive,Long Term Mangement,Neuse,03020201,03020201110010,Wake,Central Piedmont,28.289925690000000,1232309.162930000107735,5558.662916180000138,1.000000000000000,412
354,Spring Valley Park,Design-Bid-Build,Inactive,Long Term Mangement,Cape Fear,03030002,03030002020050,Guilford,Central Piedmont,3.393799420000000,147833.902880999987246,3466.149391729999934,1.000000000000000,413
95015,St Clair Creek Restoration Project,Full Delivery,Inactive,Long Term Mangement,Tar-Pamlico,03020104,03020104040040,Beaufort,Northern Outer Coastal Plain,17.433241330000001,759391.992213999968953,7883.934187830000155,1.000000000000000,414
357,Stallings (G),Design-Bid-Build,Inactive,Long Term Mangement,Neuse,03020204,03020204010050,Jones,Southern Outer Coastal Plain,145.404174549999993,6333626.254599999636412,15375.567224500000520,1.000000000000000,415
95838,Stanley's II,Full Delivery,Inactive,Long Term Mangement,Chowan,03010204,03010204180040,Northampton,Northern Inner Coastal Plain,8.829582790000000,384616.626156000012998,5612.064585680000164,1.000000000000000,416
95356,Stanleys Slough Stream and Wetland Site,Full Delivery,Inactive,Long Term Mangement,Chowan,03010204,03010204180040,Northampton,Northern Inner Coastal Plain,18.084984710000001,787781.933903999975882,10363.247932700000092,1.000000000000000,417
360,Starmount Forest CC,Design-Bid-Build,Inactive,Long Term Mangement,Cape Fear,03030002,03030002020040,Guilford,Central Piedmont,7.797504490000000,339659.295614000002388,14788.131406700000298,1.000000000000000,418
92145,Stevens Tract-Eno River,Design-Bid-Build,Inactive,Long Term Mangement,Neuse,03020201,03020201030050,Durham,Central Piedmont,70.549707029999993,3073318.952479999978095,8056.892196110000441,1.000000000000000,419
363,Stillhouse Creek (G),Design-Bid-Build,Inactive,Long Term Mangement,Neuse,03020201,03020201030020,Orange,Central Piedmont,2.089163820000000,91003.976206299994374,2753.022078980000060,1.000000000000000,420
364,Stone Mountain,Design-Bid-Build,Inactive,Long Term Mangement,Yadkin,03040101,03040101060030,Wilkes,Northern Mountains,49.943827890000001,2175553.143039999995381,17084.874100199998793,1.000000000000000,421
365,Stonebridge,Full Delivery,Inactive,Long Term Mangement,Cape Fear,03030003,03030003060020,Moore,Southern Piedmont,16.253387369999999,707997.553773000021465,9614.929836479999722,1.000000000000000,422
92556,Stricker Branch,Full Delivery,Inactive,Long Term Mangement,Yadkin,03040105,03040105020040,Cabarrus,Southern Piedmont,7.683472180000000,334692.048353000020143,6488.198592110000391,1.000000000000000,423
366,Sturgeon City (Phase I),Design-Bid-Build,Inactive,Long Term Mangement,White Oak,03030001,03030001010050,Onslow,Southern Outer Coastal Plain,2.751176780000000,119831.709369000003790,2631.848052610000195,1.000000000000000,424
367,Sturgeon City (Phase II),Design-Bid-Build,Inactive,Long Term Mangement,White Oak,03030001,03030001010050,Onslow,Southern Outer Coastal Plain,3.257415340000000,141954.560566000000108,4607.560002379999787,1.000000000000000,425
368,Suck Creek,Design-Bid-Build,Inactive,Long Term Mangement,Cape Fear,03030003,03030003050020,Moore,Southern Piedmont,9.225776370000000,401874.818582999985665,5454.709824950000439,1.000000000000000,426
94646,Summit Seep Wetland Mitigation,Full Delivery,Inactive,Long Term Mangement,Yadkin,03040103,03040103020010,Davidson,Central Piedmont,6.435277040000000,280320.667883999994956,2715.229912639999839,1.000000000000000,427
370,Suther,Design-Bid-Build,Inactive,Long Term Mangement,Yadkin,03040105,03040105020050,Cabarrus,Southern Piedmont,67.470710040000000,2939024.129149999935180,22744.314928200001305,1.000000000000000,428
92249,Swift Creek Watershed Wetlands,Design-Bid-Build,Inactive,Long Term Mangement,Neuse,03020201,03020201110020,Wake,Central Piedmont,41.688558790000002,1815953.621100000105798,7324.222176340000260,1.000000000000000,429
92027,Swift/Sandy Creek A&P Timber,Design-Bid-Build,Inactive,Long Term Mangement,Tar-Pamlico,03020101,03020101130040,Franklin,Central Piedmont,18.340640680000000,798918.307924999971874,5739.552942579999581,1.000000000000000,430
92051,Swift/Sandy Creek Faulkner,Design-Bid-Build,Inactive,Long Term Mangement,Tar-Pamlico,03020101,03020101130040,Franklin,Central Piedmont,20.188700789999999,879419.806374000036158,5148.757563959999970,1.000000000000000,431
92054,Swift/Sandy Creek Young,Design-Bid-Build,Inactive,Long Term Mangement,Tar-Pamlico,03020101,03020101130040,Franklin,Central Piedmont,71.470564499999995,3113257.789549999870360,14501.329756499999348,1.000000000000000,432
92032,Tar River Averett,Design-Bid-Build,Inactive,Long Term Mangement,Tar-Pamlico,03020101,03020101010060,Granville,Central Piedmont,11.360282440000001,494853.903017000004184,3944.047346939999898,1.000000000000000,433
92033,Tar River B Harris,Design-Bid-Build,Inactive,Long Term Mangement,Tar-Pamlico,03020101,03020101010050,Granville,Central Piedmont,38.828014330000002,1691348.304229999892414,11189.989678300000378,1.000000000000000,434
92066,Tar River Betty Crews,Design-Bid-Build,Inactive,Long Term Mangement,Tar-Pamlico,03020101,03020101010060,Granville,Central Piedmont,31.585542300000000,1375866.222730000037700,10530.630295200000546,1.000000000000000,435
92069,Tar River Dean,Design-Bid-Build,Inactive,Long Term Mangement,Tar-Pamlico,03020101,03020101010050,Granville,Central Piedmont,63.510732980000000,2766527.528669999912381,10965.987923200000296,1.000000000000000,436
97071,Tar River Headwaters Wetland Restoration Site,Full Delivery,Inactive,Long Term Mangement,Tar-Pamlico,03020101,03020101010010,Person,Central Piedmont,9.897241780000000,431123.851731000002474,3749.026430219999838,1.000000000000000,437
92034,Tar River Hodges,Design-Bid-Build,Inactive,Long Term Mangement,Tar-Pamlico,03020101,03020101040010,Franklin,Central Piedmont,41.703283790000000,1816595.041669999947771,8014.089944370000012,1.000000000000000,438
92071,Tar River Oakley,Design-Bid-Build,Inactive,Long Term Mangement,Tar-Pamlico,03020101,03020101010050,Granville,Central Piedmont,13.426053209999999,584838.877756000030786,4082.097329409999929,1.000000000000000,439
92072,Tar River Pitts,Design-Bid-Build,Inactive,Long Term Mangement,Tar-Pamlico,03020101,03020101020010,Granville,Central Piedmont,28.105972879999999,1224296.178539999993518,7366.563520990000143,1.000000000000000,440
92080,Tar River Pories,Design-Bid-Build,Inactive,Long Term Mangement,Tar-Pamlico,03020103,03020103040010,Pitt,Northern Inner Coastal Plain,37.464245550000001,1631942.536379999946803,11587.459423000000243,1.000000000000000,441
92073,Tar River Roy Crews,Design-Bid-Build,Inactive,Long Term Mangement,Tar-Pamlico,03020101,03020101010060,Granville,Central Piedmont,10.067132980000000,438524.312466999981552,3372.052727830000094,1.000000000000000,442
92075,Tar River Sherman,Design-Bid-Build,Inactive,Long Term Mangement,Tar-Pamlico,03020101,03020101010010,Granville,Central Piedmont,15.965891480000000,695474.233007999951951,4464.015257439999914,1.000000000000000,443
92076,Tar River Sherman 2,Design-Bid-Build,Inactive,Long Term Mangement,Tar-Pamlico,03020101,03020101010010,Granville,Central Piedmont,28.059147979999999,1222256.485859999898821,9207.319950869999957,1.000000000000000,444
92077,Tar River Smitherman,Design-Bid-Build,Inactive,Long Term Mangement,Tar-Pamlico,03020101,03020101010060,Granville,Central Piedmont,20.264678210000000,882729.383009999990463,4829.999690599999667,1.000000000000000,445
92211,Tarlton Swamp,Full Delivery,Inactive,Long Term Mangement,Cape Fear,03030004,03030004100050,Cumberland,Southern Inner Coastal Plain,17.755068160000000,773410.769200999988243,8010.488063169999805,1.000000000000000,446
372,Tate Farm,Design-Bid-Build,Inactive,Long Term Mangement,New,05050001,05050001010050,Ashe,Northern Mountains,61.420896210000002,2675483.536809999961406,51143.598743399998057,1.000000000000000,447
134,Terrible Creek Buffer (Fish Property) (G),Design-Bid-Build,Inactive,Long Term Mangement,Neuse,03020201,03020201120010,Wake,Central Piedmont,48.461946890000000,2111002.406450000125915,13623.028145000000222,1.000000000000000,448
94801,PRMUSACE - The Cliffs at Walnut Cove,Design-Bid-Build,Inactive,Long Term Mangement,French Broad,06010105,06010105010010,Buncombe,Southern Mountains,19.429506430000000,846349.300175999989733,26161.156610099998943,1.000000000000000,449
96074,Thomas Creek,Full Delivery,Inactive,Long Term Mangement,Cape Fear,03030004,03030004020010,Wake,Central Piedmont,22.737284169999999,990436.098543999949470,15027.318953399999373,1.000000000000000,450
92524,Thompson's Fork and Tributary,Full Delivery,Inactive,Long Term Mangement,Catawba,03050101,03050101040010,McDowell,Northern Mountains,12.195415819999999,531254.619136999943294,9943.489161010000316,1.000000000000000,451
92664,Three Mile Creek,Full Delivery,Inactive,Long Term Mangement,French Broad,06010108,06010108010020,Avery,Northern Mountains,26.662530770000000,1161419.840420000022277,21630.677705599999172,1.000000000000000,452
379,Tick Creek (Condoret Tract),Design-Bid-Build,Inactive,Long Term Mangement,Cape Fear,03030003,03030003070020,Chatham,Central Piedmont,29.364203390000000,1279069.921379999956116,10860.988527999999860,1.000000000000000,453
92557,Timberlake (Great Dismal Swamp),Full Delivery,Inactive,Credit Purchase Complete,Pasquotank,03010205,03010205180010,Tyrrell,Northern Outer Coastal Plain,11.386978760000000,496016.794830999977421,10185.609556299999895,1.000000000000000,454
95026,Town Creek Restoration Project,Full Delivery,Inactive,Long Term Mangement,Yadkin,03040105,03040105060040,Stanly,Southern Piedmont,11.971408560000000,521474.557054999982938,7879.974672360000113,1.000000000000000,455
95022,Tributaries of Wicker Branch Stream Enhancement,Full Delivery,Inactive,Long Term Mangement,Yadkin,03040105,03040105081010,Union,Southern Piedmont,15.488465610000000,674677.562156000058167,10408.297240600000805,1.000000000000000,456
92528,Tributary to Reedy Fork Creek,Full Delivery,Inactive,Long Term Mangement,Cape Fear,03030002,03030002020070,Guilford,Central Piedmont,19.647450180000000,855842.929937000037171,12789.023732300000120,1.000000000000000,457
388,Trout Cove Branch,Design-Bid-Build,Inactive,Long Term Mangement,Hiwassee,06020002,06020002090010,Clay,Southern Mountains,8.483445059999999,369538.866840999980923,8357.665601639999295,1.000000000000000,458
390,Tulula,Design-Bid-Build,Inactive,Long Term Mangement,Little Tennessee,06010204,06010204010010,Graham,Southern Mountains,242.300156030000011,10554487.022199999541044,22883.121400100000756,1.000000000000000,459
95363,Twin Bays,Full Delivery,Inactive,Long Term Mangement,Cape Fear,03030007,03030007090040,Duplin,Southern Inner Coastal Plain,11.721655000000000,510595.291857999982312,4067.947882190000200,1.000000000000000,460
94641,Underwood Mitigation site,Full Delivery,Inactive,Long Term Mangement,Cape Fear,03030002,03030002050050,Chatham,Central Piedmont,37.749298209999999,1644359.430080000078306,19906.335402500000782,1.000000000000000,461
94645,Upper Silver Creek Stream and Wetland,Full Delivery,Inactive,Long Term Mangement,Catawba,03050101,03050101050050,Burke,Northern Mountains,22.071152309999999,961435.260048000025563,7609.877018950000092,1.000000000000000,462
92632,Upper South Hominy Creek,Design-Bid-Build,Inactive,Long Term Mangement,French Broad,06010105,06010105060020,Buncombe,Southern Mountains,16.422644590000001,715370.398322000051849,14304.258476299999529,1.000000000000000,463
395,Upper UT to Cane Creek (Picard),Design-Bid-Build,Inactive,Long Term Mangement,Cape Fear,03030002,03030002050050,Alamance,Central Piedmont,51.053897300000003,2223907.766350000165403,13976.160017700000026,1.000000000000000,464
92347,UT Bear Creek (Weaver/McLeod property) (G),Design-Bid-Build,Inactive,Long Term Mangement,Cape Fear,03030003,03030003070050,Chatham,Central Piedmont,31.997663299999999,1393811.214489999925718,24824.301765699998214,1.000000000000000,465
92500,UT Clarke Creek,Design-Bid-Build,Inactive,Long Term Mangement,Yadkin,03040105,03040105010040,Mecklenburg,Southern Piedmont,57.208667660000003,2492009.563440000172704,7166.289723279999635,1.000000000000000,466
92682,UT Neuse (The Big Ditch),Design-Bid-Build,Active,Active,Neuse,03020201,03020201200040,Wayne,Northern Inner Coastal Plain,9.858743199999999,429446.853668999974616,7982.295533260000411,1.000000000000000,467
92383,UT Rocky River - Harris Road Middle,Design-Bid-Build,Inactive,Long Term Mangement,Yadkin,03040105,03040105010010,Cabarrus,Southern Piedmont,20.221091430000001,880794.589284999994561,9059.662780020000355,1.000000000000000,468
92837,UT to Altamahaw,Design-Bid-Build,Inactive,Long Term Mangement,Cape Fear,03030002,03030002030010,Alamance,Central Piedmont,3.754262650000000,163535.681190000002971,2886.010296429999926,1.000000000000000,469
92598,UT to Back Creek,Design-Bid-Build,Active,Active,Cape Fear,03030002,03030002030070,Orange,Central Piedmont,15.227420920000000,663306.455361000029370,7230.649300519999997,1.000000000000000,470
92596,UT to Bald Creek,Design-Bid-Build,Inactive,Long Term Mangement,French Broad,06010108,06010108080020,Yancey,Northern Mountains,12.737290750000000,554836.385262000025250,11829.969394399999146,1.000000000000000,471
397,UT to Barnes Creek (HurleySite),Design-Bid-Build,Inactive,Long Term Mangement,Yadkin,03040103,03040103050080,Montgomery,Southern Piedmont,16.775551629999999,730743.029067000024952,6214.996338189999733,1.000000000000000,472
92719,UT to Bear Creek (Phillips),Design-Bid-Build,Inactive,Long Term Mangement,Cape Fear,03030003,03030003070050,Chatham,Central Piedmont,11.907512850000000,518691.259719999972731,8578.890429979999681,1.000000000000000,473
95729,UT to Cane Creek,Full Delivery,Inactive,Long Term Mangement,Cape Fear,03030002,03030002050050,Alamance,Central Piedmont,19.958958620000001,869412.237673999974504,12766.946030799999789,1.000000000000000,474
857,UT to Crab Creek,Design-Bid-Build,Inactive,Long Term Mangement,New,05050001,05050001030020,Alleghany,Northern Mountains,47.755240510000000,2080218.276770000113174,14993.849054500000420,1.000000000000000,475
434,UT to Crooked Creek/Speas Property (G),Design-Bid-Build,Inactive,Long Term Mangement,Tar-Pamlico,03020101,03020101060020,Franklin,Central Piedmont,35.768064230000000,1558047.140730000101030,19198.122093599999062,1.000000000000000,476
95389,UT to Falls Lake (McDaniel Farm),Design-Bid-Build,Inactive,Long Term Mangement,Neuse,03020201,03020201050030,Durham,Central Piedmont,10.856046539999999,472889.387277000001632,3206.788389249999909,1.000000000000000,477
93876,UT to Goose Creek (Coats),Design-Bid-Build,Inactive,Long Term Mangement,Catawba,03050101,03050101040010,McDowell,Northern Mountains,31.061242530000001,1353027.724459999939427,12274.379830500000025,1.000000000000000,478
92471,UT to Hauser Creek,Design-Bid-Build,Inactive,Long Term Mangement,Yadkin,03040101,03040101160010,Davie,Central Piedmont,9.106915210000000,396697.226459999976214,5366.669938039999579,1.000000000000000,479
92694,UT to Haw (Beckom),Design-Bid-Build,Inactive,Long Term Mangement,Cape Fear,03030002,03030002030010,Alamance,Central Piedmont,10.152039470000000,442222.839479000016581,10073.440261499999906,1.000000000000000,480
92753,UT to Haw (Gwynn),Design-Bid-Build,Inactive,Long Term Mangement,Cape Fear,03030002,03030002030010,Alamance,Central Piedmont,13.115201720000000,571298.186727999942377,8799.801676990000487,1.000000000000000,481
747,UT to Haw River,Design-Bid-Build,Inactive,Long Term Mangement,Cape Fear,03030002,03030002030010,Alamance,Central Piedmont,39.358845379999998,1714471.304620000068098,24190.960825400001340,1.000000000000000,482
92345,UT to Jumping Run Creek,Design-Bid-Build,Inactive,Long Term Mangement,Cape Fear,03030004,03030004090010,Cumberland,Southern Inner Coastal Plain,225.305211990000004,9814297.616849999874830,27411.004555700001220,1.000000000000000,483
92705,Ut to Laxon Creek (Carp site),Design-Bid-Build,Inactive,Long Term Mangement,New,05050001,05050001020020,Watauga,Northern Mountains,0.674497540000000,29381.113029000000097,994.940161156000045,1.000000000000000,484
290,UT to Lilliput Creek (Hog Branch Ponds),Design-Bid-Build,Inactive,Long Term Mangement,Cape Fear,03030005,03030005070010,Brunswick,Southern Outer Coastal Plain,516.743811110000024,22509467.623799998313189,30241.722990599999321,1.000000000000000,485
314,UT to Little Coharie Creek (Roseboro Site),Design-Bid-Build,Inactive,Long Term Mangement,Cape Fear,03030006,03030006080030,Sampson,Southern Inner Coastal Plain,5.280281330000000,230034.727145999990171,5159.477983349999704,1.000000000000000,486
92766,UT to Martins Creek (Contreras),Design-Bid-Build,Inactive,Long Term Mangement,Hiwassee,06020002,06020002170010,Cherokee,Southern Mountains,15.628891910000000,680794.531772000016645,11345.109936099999686,1.000000000000000,487
95719,UT to Millers Creek Site,Full Delivery,Inactive,Long Term Mangement,Cape Fear,03030006,03030006110040,Duplin,Southern Inner Coastal Plain,15.944394980000000,694537.845373000018299,6259.374441259999912,1.000000000000000,488
93873,UT to North Muddy Creek (Allen),Design-Bid-Build,Inactive,Long Term Mangement,Catawba,03050101,03050101040010,McDowell,Northern Mountains,34.287411790000000,1493559.657469999976456,13084.928616900000634,1.000000000000000,489
93874,UT to North Muddy Creek (Haney),Design-Bid-Build,Inactive,Long Term Mangement,Catawba,03050101,03050101040010,McDowell,Northern Mountains,17.842109929999999,777202.308578000054695,7333.230188520000411,1.000000000000000,490
92704,Ut to Peak Creek (Bare site),Design-Bid-Build,Inactive,Long Term Mangement,New,05050001,05050001010010,Ashe,Northern Mountains,3.024151700000000,131732.048134999989998,4450.840910920000169,1.000000000000000,491
402,UT to Rocky River (Smith Tract),Design-Bid-Build,Inactive,Long Term Mangement,Cape Fear,03030003,03030003070020,Chatham,Central Piedmont,9.093869320000000,396128.947401000012178,5258.299766439999985,1.000000000000000,492
403,UT to Sandy Creek (Williams Tract),Design-Bid-Build,Inactive,Long Term Mangement,Cape Fear,03030003,03030003020010,Randolph,Central Piedmont,9.961273530000000,433913.074811000027694,5807.184651249999661,1.000000000000000,493
435,UT to South Fork Creek (Hadley-Newlin),Design-Bid-Build,Inactive,Long Term Mangement,Cape Fear,03030002,03030002050050,Alamance,Central Piedmont,29.024006279999998,1264285.713479999918491,11682.709876599999916,1.000000000000000,494
405,UT to South Fork Creek (Stephens),Design-Bid-Build,Inactive,Long Term Mangement,Cape Fear,03030002,03030002050050,Alamance,Central Piedmont,22.472532690000001,978903.523938999976963,12189.193864499999108,1.000000000000000,495
94068,UT To The Lumber River,Full Delivery,Inactive,Long Term Mangement,Lumber,03040203,03040203030010,Robeson,Southern Inner Coastal Plain,64.896702910000002,2827086.078550000209361,32795.424488399999973,1.000000000000000,496
847,UT to Uwharrie,Design-Bid-Build,Inactive,Long Term Mangement,Yadkin,03040103,03040103050010,Randolph,Central Piedmont,32.822756239999997,1429759.261889999965206,11607.410719999999856,1.000000000000000,497
92684,UT West Branch Rocky River,Design-Bid-Build,Active,Active,Yadkin,03040105,03040105010010,Mecklenburg,Southern Piedmont,58.862745519999997,2564061.194970000069588,8954.895648399999118,1.000000000000000,498
92108,Uwharrie River Bingham,Design-Bid-Build,Inactive,Long Term Mangement,Yadkin,03040103,03040103050080,Montgomery,Southern Piedmont,564.905641690000039,24607289.752199999988079,85879.700769300005049,1.000000000000000,499
92109,Uwharrie River Cochran,Design-Bid-Build,Inactive,Long Term Mangement,Yadkin,03040103,03040103050080,Montgomery,Southern Piedmont,15.350729619999999,668677.782326000044122,4816.152266930000224,1.000000000000000,500
92110,Uwharrie River Whatley,Design-Bid-Build,Inactive,Long Term Mangement,Yadkin,03040103,03040103050020,Randolph,Central Piedmont,15.878184020000001,691653.696125000016764,5783.589607810000416,1.000000000000000,501
407,Valleyfields Farm,Design-Bid-Build,Active,Active,Yadkin,03040103,03040103030030,Davidson,Central Piedmont,96.995843719999996,4225138.952460000291467,37018.819907899996906,1.000000000000000,502
94015,Vicki's Thicket Riparian Buffer Mitigation Site,Full Delivery,Inactive,Long Term Mangement,Neuse,03020202,03020202080010,Craven,Southern Outer Coastal Plain,31.449074790000001,1369921.697990000015125,7330.578658290000021,1.000000000000000,503
96582,Vile Creek Mitigation Site,Full Delivery,Inactive,Long Term Mangement,New,05050001,05050001030020,Alleghany,Northern Mountains,25.028211010000000,1090228.871379999909550,14194.966562699999486,1.000000000000000,504
409,Wake Forest C.C.,Design-Bid-Build,Inactive,Long Term Mangement,Neuse,03020201,03020201065020,Wake,Central Piedmont,10.361874730000000,450690.111996999999974,7624.573474529999658,1.000000000000000,505
92103,Wallace Deer Club Tract 3-5,Design-Bid-Build,Inactive,Long Term Mangement,Cape Fear,03030007,03030007100040,Pender,Southern Outer Coastal Plain,205.187042630000008,8937947.576910000294447,18914.884295500000007,1.000000000000000,506
410,Walnut Creek (Buffer) (G),Full Delivery,Inactive,Long Term Mangement,Neuse,03020202,03020202010040,Wayne,Northern Inner Coastal Plain,27.891237300000000,1214942.296950000105426,11561.743637499999750,1.000000000000000,507
412,Warrior Creek,Design-Bid-Build,Inactive,Long Term Mangement,Yadkin,03040101,03040101010110,Wilkes,Northern Mountains,18.213828090000000,791769.723608999978751,20333.778578599998582,1.000000000000000,508
413,Watts Property,Design-Bid-Build,Inactive,Long Term Mangement,Pasquotank,03010205,03010205060020,Perquimans,Northern Outer Coastal Plain,48.091881420000000,2095004.491729999892414,6738.957401069999833,1.000000000000000,509
92786,Waxhaw Creek Wetland #2,Design-Bid-Build,Inactive,Long Term Mangement,Catawba,03050103,03050103030030,Union,Southern Piedmont,20.987161270000001,914200.744929000036791,6327.764615080000112,1.000000000000000,510
414,Wells Creek,Design-Bid-Build,Inactive,Long Term Mangement,Cape Fear,03030002,03030002050050,Alamance,Central Piedmont,20.496601160000001,892831.946450000046752,13719.662587999999232,1.000000000000000,511
92688,Wells Creek #2,Design-Bid-Build,Inactive,Long Term Mangement,Cape Fear,03030002,03030002050050,Alamance,Central Piedmont,12.384245390000000,539468.401658999966457,8505.018234020000818,1.000000000000000,512
92153,Wells Tract; Cape Fear River,Design-Bid-Build,Inactive,Long Term Mangement,Cape Fear,03030007,03030007100010,Pender,Southern Outer Coastal Plain,100.746034539999997,4388723.171699999831617,9907.656039969999256,1.000000000000000,513
417,White Oak Creek,Full Delivery,Inactive,Long Term Mangement,Neuse,03020201,03020201110040,Johnston,Northern Inner Coastal Plain,50.697135119999999,2208367.205870000179857,7115.320490279999831,1.000000000000000,514
93861,White Pines Hearn,Design-Bid-Build,Inactive,Long Term Mangement,Cape Fear,03030003,03030003070060,Lee,Southern Piedmont,122.832023609999993,5350562.948370000347495,13456.500307000000248,1.000000000000000,515
420,Whitelace Ck* (G),Design-Bid-Build,Inactive,Long Term Mangement,Neuse,03020202,03020202040020,Lenoir,Southern Inner Coastal Plain,35.814228079999999,1560067.775320000015199,12328.329892499999914,1.000000000000000,516
92216,Whitley Site (G),Full Delivery,Inactive,Long Term Mangement,Neuse,03020201,03020201140010,Johnston,Northern Inner Coastal Plain,27.500058979999999,1197902.569240000098944,8521.860212659999888,1.000000000000000,517
423,Wike Property (Lyle Creek),Design-Bid-Build,Inactive,Long Term Mangement,Catawba,03050101,03050101140010,Catawba,Central Piedmont,14.110901569999999,614670.872283000033349,5274.919830619999630,1.000000000000000,518
92508,Wildcat Branch,Design-Bid-Build,Inactive,Long Term Mangement,Cape Fear,03030004,03030004070020,Lee,Southern Piedmont,40.377440749999998,1758841.318969999905676,10520.258596199999374,1.000000000000000,519
92140,William O'Neal Tract-Swift Creek,Design-Bid-Build,Inactive,Long Term Mangement,Tar-Pamlico,03020101,03020101130040,Franklin,Central Piedmont,18.502978590000001,805989.747381999972276,3969.709489679999933,1.000000000000000,520
92165,Wimberley Tract-Nat's Creek,Design-Bid-Build,Inactive,Long Term Mangement,Lumber,03040203,03040203010020,Moore,Southern Piedmont,33.820728850000002,1473230.948739999905229,7017.719394490000013,1.000000000000000,521
92551,Wolf Pond,Full Delivery,Inactive,Long Term Mangement,Yadkin,03040105,03040105070010,Union,Southern Piedmont,13.156178030000000,573083.115191000048071,8850.660325139999259,1.000000000000000,522
92606,WRC Bowlin-Peak Creek,Design-Bid-Build,Inactive,Long Term Mangement,New,05050001,05050001020050,Ashe,Northern Mountains,3.066241270000000,133565.469907999999123,5209.847961479999867,1.000000000000000,523
432,Zack's Fork Ck RFP*,Full Delivery,Inactive,Long Term Mangement,Catawba,03050101,03050101080010,Caldwell,Northern Mountains,16.046986919999998,697907.458509000018239,10602.568420699999479,1.000000000000000,524
95007,Wall Riparian Buffer Mitigation Site,Full Delivery,Inactive,Long Term Mangement,Cape Fear,03030003,03030003010070,Randolph,Central Piedmont,12.916585760000000,562646.475899999961257,10381.531828699999096,1.000000000000000,525
95019,UT to Mill Swamp Restoration Project,Full Delivery,Inactive,Long Term Mangement,White Oak,03030001,03030001010020,Onslow,Southern Outer Coastal Plain,19.421750310000000,846011.443391000037082,8827.085871609999231,1.000000000000000,526
97083,Lochill Farm Stream Mitigation Project,Full Delivery,Active,Active,Neuse,03020201,03020201030030,Orange,Central Piedmont,15.877084470000000,691605.799658000003546,11013.548892999999225,1.000000000000000,527
100003,Russell Gap,Full Delivery,Active,Active,Catawba,03050101,03050101120010,Alexander,Central Piedmont,35.977405480000002,1567175.782910000067204,25363.753373899999133,1.000000000000000,528
25,Bear Creek,Full Delivery,Inactive,Credit Purchase Complete,Neuse,03020202,03020202030030,Lenoir,Southern Inner Coastal Plain,197.828694469999988,8617417.931309999898076,24672.018944999999803,1.000000000000000,529
97135,Lone Hickory Mitigation Site,Full Delivery,Active,Active,Yadkin,03040101,03040101130020,Yadkin,Central Piedmont,103.183654259999997,4494662.001039999537170,20374.397957199998928,1.000000000000000,530
100024,Meadow Brook Site,Full Delivery,Active,Active,Yadkin,03040101,03040101130020,Yadkin,Central Piedmont,11.212528190000000,488415.774443999980576,5438.545230660000016,1.000000000000000,531
168,Haw River Swamp II,Full Delivery,Inactive,Long Term Mangement,Cape Fear,03030002,03030002010020,Rockingham,Central Piedmont,20.756891639999999,904170.199958999990486,4491.498144760000287,1.000000000000000,532
100005,Harrell Stream and Wetland Site,Full Delivery,Active,Active,Little Tennessee,06010203,06010203010060,Jackson,Southern Mountains,8.448108789999999,368012.854051999980584,4899.228179890000320,1.000000000000000,533
97085,Stony Fork Restoration Site,Full Delivery,Active,Active,Neuse,03020201,03020201150010,Johnston,Northern Inner Coastal Plain,24.389392300000001,1062397.678820000030100,12440.962295499999527,1.000000000000000,534
72,Cato,Design-Bid-Build,Inactive,Long Term Mangement,Yadkin,03040105,03040105010020,Mecklenburg,Southern Piedmont,5.764328250000000,251094.138575999997556,3766.209756350000134,1.000000000000000,535
97136,Mill Dam Creek Restoration Project,Full Delivery,Active,Active,Yadkin,03040101,03040101110070,Yadkin,Central Piedmont,40.198831249999998,1751054.084809999912977,27069.743404400000145,1.000000000000000,536
100004,Fletcher Stream and Wetland Site,Full Delivery,Active,Active,French Broad,06010105,06010105040010,Henderson,Southern Mountains,34.811129139999998,1516366.720010000048205,21753.402091399999335,1.000000000000000,537
97086,Alliance Headwaters Stream Mitigation Site-Option A,Full Delivery,Active,Active,Neuse,03020201,03020201150020,Johnston,Northern Inner Coastal Plain,71.721081870000006,3124157.829710000194609,14389.960699699999168,1.000000000000000,538
97131,Deep Meadow Mitigation Site,Full Delivery,Active,Active,Yadkin,03040105,03040105070060,Union,Southern Piedmont,22.703854710000002,988975.955091999960132,8138.945928279999862,1.000000000000000,539
100015,Major Hill Stream & Wetland Mitigation Site,Full Delivery,Active,Active,Cape Fear,03030002,03030002050050,Alamance,Central Piedmont,16.659453469999999,725682.890282999956980,10313.566973099999814,1.000000000000000,540
100017,Seniard Creek,Full Delivery,Active,Active,French Broad,06010105,06010105020020,Henderson,Southern Mountains,11.679186030000000,508743.308450000011362,11660.975669499999640,1.000000000000000,541
856,Little Pine Creek II,Design-Bid-Build,Active,Active,New,05050001,05050001030030,Alleghany,Northern Mountains,14.612452110000000,636515.867810999974608,6436.640110170000298,1.000000000000000,542
94803,Basket Creek Gorham,Design-Bid-Build,Active,Active,Tar-Pamlico,03020101,03020101010010,Nash,Northern Inner Coastal Plain,6.524462480000000,284204.448625000019092,3850.832107050000104,1.000000000000000,543
100057,Phantom Mill,Full Delivery,Active,Active,Cape Fear,03030002,03030002050050,Alamance,Central Piedmont,16.141881510000001,703140.358768000034615,8901.555869649999295,1.000000000000000,544
100014,Heron Stream & Wetland Mitigation Site,Full Delivery,Active,Active,Cape Fear,03030002,03030002050050,Alamance,Central Piedmont,17.645039470000000,768614.845000999979675,13700.882853799999793,1.000000000000000,545
96311,Abbey Lamm Stream and Wetland,Full Delivery,Inactive,Long Term Mangement,Cape Fear,03030002,03030002050050,Alamance,Central Piedmont,17.375653050000000,756880.419146999949589,10069.531584099999236,1.000000000000000,546
100020,Whittier Creek,Full Delivery,Active,Active,Yadkin,03040101,03040101110040,Surry,Central Piedmont,6.967992980000000,303524.560196999984328,6374.582456479999564,1.000000000000000,547
92127,Melrose Mountain Tobey,Design-Bid-Build,Inactive,Long Term Mangement,Broad,03050105,03050105150010,Polk,Southern Piedmont,318.318993690000013,13865967.173699999228120,29877.420881099998951,1.000000000000000,548
100018,Shake Rag Branch,Full Delivery,Active,Active,French Broad,06010105,06010105110020,Madison,Northern Mountains,17.394863740000002,757720.264319999958389,20226.078478399998858,1.000000000000000,549
92273,McCotter-Raines (G),Full Delivery,Inactive,Long Term Mangement,Neuse,03020204,03020204010051,Jones,Southern Outer Coastal Plain,36.268354150000000,1579843.187480000080541,6388.056535609999628,1.000000000000000,550
100022,Catbird Site,Full Delivery,Active,Active,Yadkin,03040101,03040101160010,Davie,Central Piedmont,6.330815810000000,275769.233408999978565,4567.986209489999965,1.000000000000000,551
100021,Mockingbird Site,Full Delivery,Active,Active,Yadkin,03040101,03040101160010,Davie,Central Piedmont,27.461456150000000,1196221.029799999902025,16425.120642900001258,1.000000000000000,552
100061,Arabia Bay,Full Delivery,Active,Active,Cape Fear,03030004,03030004150011,Hoke,Southern Inner Coastal Plain,16.079538240000002,700421.884198999963701,3083.545755210000152,1.000000000000000,553
100044,Barefoot Project,Full Delivery,Active,Active,Neuse,03020201,03020201150040,Sampson,Southern Inner Coastal Plain,33.286950240000003,1449973.752739999908954,6017.885327330000109,1.000000000000000,554
100058,Slingshot,Full Delivery,Active,Active,Cape Fear,03030002,03030002010010,Rockingham,Central Piedmont,11.632816820000000,506723.473972000007052,8102.317303079999874,1.000000000000000,555
100086,Greenbrier Stream Restoration Site,Full Delivery,Active,Active,Yadkin,03040101,03040101130020,Yadkin,Central Piedmont,6.707544040000000,292179.449735999980476,4215.632702519999839,1.000000000000000,556
100054,Bear Swamp Stream & Wetland Site,Full Delivery,Active,Active,Lumber,03040203,03040203050010,Robeson,Southern Inner Coastal Plain,15.248616080000000,664229.716491000028327,7062.912079280000398,1.000000000000000,557
100055,Shaw's Run Stream & Wetland Site,Full Delivery,Active,Active,Lumber,03040203,03040203191010,Columbus,Southern Inner Coastal Plain,9.440593560000000,411230.610580999986269,5403.541574320000109,1.000000000000000,558
100039,Catfish Pond Mitigation Site,Full Delivery,Active,Active,Neuse,03020201,03020201020040,Durham,Central Piedmont,20.721459780000000,902623.177443000022322,13803.113746400000309,1.000000000000000,559
97082,Dry Creek Mitigation Site,Full Delivery,Active,Active,Neuse,03020201,03020201010050,Durham,Central Piedmont,29.764785109999998,1296548.853289999999106,16073.369889999999941,1.000000000000000,560
100053,Rough Horn Swamp II Restoration Site,Full Delivery,Active,Active,Lumber,03040203,03040203191010,Columbus,Southern Inner Coastal Plain,62.333546540000000,2715238.426359999924898,15500.879208000000290,1.000000000000000,561
100048,Alexander Farm,Full Delivery,Active,Active,Catawba,03050101,03050101130010,Alexander,Central Piedmont,21.983791170000000,957610.112821000046097,12842.663760600000387,1.000000000000000,562
100043,Matthew Project,Full Delivery,Active,Active,Neuse,03020201,03020201150020,Johnston,Northern Inner Coastal Plain,19.189985629999999,835912.430554999969900,5201.468246639999961,1.000000000000000,563
97081,Lake Wendell Mitigation Project,Full Delivery,Inactive,Long Term Mangement,Neuse,03020201,03020201180050,Johnston,Northern Inner Coastal Plain,11.967451440000000,521302.184914999990724,8045.649714930000300,1.000000000000000,564
100060,Sandy Branch,Full Delivery,Active,Active,Cape Fear,03030003,03030003070050,Chatham,Central Piedmont,18.099999929999999,788435.997126000002027,6032.963125360000049,1.000000000000000,565
97079,Pen Dell Mitigation Project,Full Delivery,Inactive,Long Term Mangement,Neuse,03020201,03020201180050,Johnston,Northern Inner Coastal Plain,15.950587130000001,694804.796347000054084,10908.989053499999500,1.000000000000000,566
100063,Apple Valley Project,Full Delivery,Active,Active,French Broad,06010105,06010105010040,Henderson,Southern Mountains,6.417077240000000,279527.884686000004876,2845.818301350000183,1.000000000000000,567
100066,Round Hill Branch Restoration Site,Full Delivery,Active,Active,French Broad,06010105,06010105090020,Buncombe,Southern Mountains,4.235396360000000,184493.865595000010217,4332.580475210000259,1.000000000000000,568
100082,Double H Farms Mitigation Site,Full Delivery,Active,Active,New,05050001,05050001030020,Alleghany,Northern Mountains,21.170998910000002,922208.713281000033021,16857.324407200001588,1.000000000000000,569
100107,Mangum Homestead,Full Delivery,Inactive,Long Term Mangement,Cape Fear,03030002,03030002060110,Orange,Central Piedmont,19.883555970000000,866127.697897000005469,8113.304849400000421,1.000000000000000,570
100085,Lyon Hills Mitigation Site,Full Delivery,Active,Active,Yadkin,03040101,03040101060030,Wilkes,Northern Mountains,20.719668810000002,902548.773389999987558,17649.649654199998622,1.000000000000000,571
100047,Blair Creek,Full Delivery,Active,Active,Hiwassee,06020002,06020002060010,Clay,Southern Mountains,10.027422630000000,436794.529604999988806,7988.737375009999596,1.000000000000000,572
100083,Honey Mill Mitigation Site,Full Delivery,Active,Active,Yadkin,03040101,03040101010020,Surry,Central Piedmont,20.324975689999999,885355.940873999963515,14555.389358700000230,1.000000000000000,573
100042,Buffalo Creek Tributaries Mitigation Project,Full Delivery,Active,Active,Neuse,03020201,03020201180050,Johnston,Northern Inner Coastal Plain,17.122878780000001,745872.599463999969885,9983.482804229999601,1.000000000000000,574
100118,Pond Haven,Full Delivery,Active,Active,Tar-Pamlico,03020101,03020101010060,Granville,Central Piedmont,17.483549790000001,761583.428882000036538,8158.301759709999715,1.000000000000000,575
100109,Bucky's Branch,Full Delivery,Active,Active,Cape Fear,03030003,03030003010060,Randolph,Central Piedmont,6.174671680000000,268968.698595000023488,2341.494549810000080,1.000000000000000,576
100111,Green Valley II,Full Delivery,Inactive,Long Term Mangement,Cape Fear,03030003,03030003010070,Randolph,Central Piedmont,7.190198440000000,313205.044075999991037,5757.575699910000367,1.000000000000000,577
100110,Rhapsody,Full Delivery,Inactive,Long Term Mangement,Cape Fear,03030003,03030003010060,Randolph,Central Piedmont,7.753793080000000,337755.226749000023119,4530.147519479999573,1.000000000000000,578
100119,Boseman,Full Delivery,Inactive,Long Term Mangement,Tar-Pamlico,03020101,03020101120030,Edgecombe,Central Piedmont,14.919406240000001,649889.335783999995328,6942.887898519999908,1.000000000000000,579
100108,Bohemian,Full Delivery,Inactive,Long Term Mangement,Cape Fear,03030003,03030003010050,Randolph,Central Piedmont,22.781430799999999,992359.125694000045769,15089.857561500000884,1.000000000000000,580
100038,McClenny Acres Mitigation Site,Full Delivery,Active,Active,Neuse,03020201,03020201200030,Wayne,Northern Inner Coastal Plain,54.242924520000003,2362821.791939999908209,16545.024025599999732,1.000000000000000,581
100064,Owen Farms Stream and Wetland Mitigation Site,Full Delivery,Active,Active,French Broad,06010105,06010105010020,Transylvania,Southern Mountains,25.190194880000000,1097284.889110000105575,15212.867262699999628,1.000000000000000,582
100077,Sliver Moon II NRW Mitigation Site,Full Delivery,Active,Active,Neuse,03020202,03020202080010,Craven,Southern Outer Coastal Plain,30.889462179999999,1345544.972539999987930,7038.423866649999582,1.000000000000000,583
100084,Bug Headwaters Mitigation Site,Full Delivery,Active,Active,Yadkin,03040101,03040101070010,Wilkes,Northern Mountains,22.793737300000000,992895.196959999972023,16180.508007899999939,1.000000000000000,584
100092,Brahma Site,Full Delivery,Active,Active,Cape Fear,03030002,03030002050050,Alamance,Central Piedmont,22.688208960000001,988298.382457999978215,13665.983869800000321,1.000000000000000,585
100027,Little Sebastian Site,Full Delivery,Active,Active,Yadkin,03040101,03040101080020,Surry,Central Piedmont,25.771248860000000,1122595.600460000103340,17303.055171100000734,1.000000000000000,586
100121,Nesbit Site,Full Delivery,Active,Active,Catawba,03050103,03050103030030,Union,Southern Piedmont,18.005599669999999,784323.921625999966636,10701.587787000000390,1.000000000000000,587
100080,Banner Branch Mitigation Project,Full Delivery,Active,Active,Roanoke,03010103,03010103180010,Stokes,Central Piedmont,40.954297779999997,1783969.211279999930412,26573.723600299999816,1.000000000000000,588
194,Jacksonville Country Club,Design-Bid-Build,Active,Active,White Oak,03030001,03030001020010,Onslow,Southern Outer Coastal Plain,9.256664580000001,403220.309263999981340,9363.325322049999158,1.000000000000000,589
100068,UT to Rush Fork Stream Mitigation Project,Full Delivery,Active,Active,French Broad,06010106,06010106020010,Haywood,Southern Mountains,8.210893240000001,357666.509498999977950,8634.575956729999234,1.000000000000000,590
100112,White Mitigation Project,Full Delivery,Active,Active,Cape Fear,03030003,03030003010060,Randolph,Central Piedmont,12.181614800000000,530631.140806999988854,6510.806819000000360,1.000000000000000,591
100093,Perry Hill Site,Full Delivery,Active,Active,Neuse,03020201,03020201030020,Orange,Central Piedmont,26.875875340000000,1170713.129919999977574,11276.865131299999121,1.000000000000000,592
100113,Eight-Point,Full Delivery,Active,Active,Cape Fear,03030003,03030003010050,Guilford,Central Piedmont,5.664110800000000,246728.666640000010375,2070.414834239999891,1.000000000000000,593
100076,Hornpipe Branch Tributaries,Full Delivery,Active,Active,Neuse,03020202,03020202050010,Lenoir,Southern Inner Coastal Plain,23.426114200000001,1020441.534379999968223,9795.159250180000527,1.000000000000000,594
100090,Carpenter Bottom,Full Delivery,Active,Active,Catawba,03050102,03050102050020,Gaston,Southern Piedmont,18.018423909999999,784882.545684000011533,7690.202590859999873,1.000000000000000,595
100122,Laurel Springs,Full Delivery,Active,Active,French Broad,06010108,06010108010020,Avery,Northern Mountains,29.184699060000000,1271285.491050000069663,10743.392998200000875,1.000000000000000,596
100094,Strawberry Hill Project,Full Delivery,Active,Active,Neuse,03020201,03020201140010,Johnston,Northern Inner Coastal Plain,22.115282090000001,963337.834621999994852,13212.404234100000394,1.000000000000000,597
100095,Cowford Project,Full Delivery,Active,Active,White Oak,03030001,03030001010010,Onslow,Southern Outer Coastal Plain,17.197150560000001,749107.878461000043899,7232.693401640000047,1.000000000000000,598
100136,Yarbro Site,Full Delivery,Active,Active,Broad,03050105,03050105100010,Lincoln,Southern Piedmont,33.055863070000001,1439913.395269999979064,17255.425352499998553,1.000000000000000,599
100139,Pierce Terrace,Full Delivery,Active,Active,Chowan,03010203,03010203040040,Gates,Northern Outer Coastal Plain,125.727612359999995,5476694.794440000317991,19389.278948099999980,1.000000000000000,600
100125,Dynamite Creek,Full Delivery,Active,Active,Roanoke,03010103,03010103230040,Rockingham,Central Piedmont,22.917686140000001,998294.408122999942861,9400.556207670000731,1.000000000000000,601
92218,Silver Creek-Conway,Full Delivery,Inactive,Long Term Mangement,Catawba,03050101,03050101050050,Burke,Northern Mountains,9.162702149999999,399127.305793999985326,8650.878222769999411,1.000000000000000,602
92134,Roanoke River-IP-Blue Sky Timber Tract 42-14,Design-Bid-Build,Inactive,Long Term Mangement,Roanoke,03010107,03010107100020,Halifax,Northern Inner Coastal Plain,583.467373329999987,25415838.782000001519918,92640.708391699998174,1.000000000000000,603
100059,Hip Bone Creek,Full Delivery,Active,Active,Cape Fear,03030003,03030003070020,Chatham,Central Piedmont,18.684975170000001,813917.518582000047900,12649.637920999999551,1.000000000000000,604
92154,Wallace Deer Club (Blanchard Tract),Design-Bid-Build,Inactive,Long Term Mangement,Cape Fear,03030007,03030007100040,Pender,Southern Outer Coastal Plain,1349.087413409999954,58766247.728000000119209,39323.591327299996919,1.000000000000000,605
295,Purlear Creek II,Design-Bid-Build,Inactive,Long Term Mangement,Yadkin,03040101,03040101010090,Wilkes,Northern Mountains,7.846619770000000,341798.757358999981079,9089.912029949999123,1.000000000000000,606
294,Purlear Creek,Design-Bid-Build,Inactive,Long Term Mangement,Yadkin,03040101,03040101010090,Wilkes,Northern Mountains,18.546877660000000,807901.990993999992497,20550.599049899999955,1.000000000000000,607
92158,Len's Knob & Little Mountain,Design-Bid-Build,Inactive,Long Term Mangement,Yadkin,03040101,03040101080010,Surry,Central Piedmont,2149.141049379999913,93616584.111100003123283,118675.847460999997566,1.000000000000000,608
100137,Bull Chute Site,Full Delivery,Active,Active,Yadkin,03040103,03040103050040,Randolph,Central Piedmont,31.739930840000000,1382591.387570000020787,17619.329967199999373,1.000000000000000,609
100123,Huntsman Site,Full Delivery,Active,Active,Yadkin,03040102,03040102020030,Wilkes,Northern Mountains,18.437763669999999,803148.985319999977946,10636.932836899999529,1.000000000000000,610
100135,Liberty Rock,Full Delivery,Active,Active,Cape Fear,03030003,03030003070010,Randolph,Central Piedmont,41.116609519999997,1791039.510800000047311,7481.550567039999805,1.000000000000000,611
100165,Crane,Full Delivery,Active,Active,Cape Fear,03030004,03030004070010,Lee,Southern Piedmont,27.661038540000000,1204914.838900000089779,7526.838319430000411,1.000000000000000,612
100138,Cross Creek Ranch Site,Full Delivery,Active,Active,Yadkin,03040104,03040104020020,Montgomery,Southern Piedmont,63.930034800000001,2784792.315930000040680,28561.118639399999665,1.000000000000000,613
100141,Big Branch Site,Full Delivery,Active,Active,Catawba,03050101,03050101130010,Alexander,Central Piedmont,38.644563020000000,1683357.165210000006482,22026.865175700000691,1.000000000000000,614
92210,Blounts Creek,Full Delivery,Inactive,Long Term Mangement,Cape Fear,03030004,03030004100050,Cumberland,Southern Inner Coastal Plain,27.485054190000000,1197248.960590000031516,17351.980581600000733,1.000000000000000,615
751,Jenny's Gut (Perquimans County High School),Design-Bid-Build,Active,Active,Pasquotank,03010205,03010205090020,Perquimans,Northern Outer Coastal Plain,9.639182060000000,419882.770689999975730,5828.784242910000103,1.000000000000000,616
100140,Laurel Valley Site,Full Delivery,Active,Active,Catawba,03050101,03050101060050,Burke,Northern Mountains,14.170567230000000,617269.908369999960996,9104.964031210000030,1.000000000000000,617
100166,Cool Springs,Full Delivery,Active,Active,Cape Fear,03030004,03030004010030,Harnett,Southern Inner Coastal Plain,21.122534909999999,920097.620580999995582,14107.066561199999342,1.000000000000000,618
100019,Warren Wilson College,Full Delivery,Active,Active,French Broad,06010105,06010105070030,Buncombe,Southern Mountains,25.286712720000001,1101489.205920000094920,24435.042613199999323,1.000000000000000,619
100067,Wyant Lands Mitigation Site,Full Delivery,Active,Active,Catawba,03050102,03050102040020,Lincoln,Southern Piedmont,41.311520710000003,1799529.851839999901131,15669.557676399999764,1.000000000000000,620
100164,Wits End,Full Delivery,Active,Active,Yadkin,03040105,03040105081020,Union,Southern Piedmont,71.754805430000005,3125639.449289999902248,19921.290723800000706,1.000000000000000,621
100595,Wyant Lands: Phase II - Project Expansion,Full Delivery,Active,Active,Catawba,03050102,03050102040020,Lincoln,Southern Piedmont,5.965785670000000,259869.623801999987336,2277.706576789999872,1.000000000000000,622
100189,Maple Swamp Buffer,Full Delivery,Active,Active,Tar-Pamlico,03020102,03020102060010,Edgecombe,Northern Inner Coastal Plain,8.126584720000000,353994.030598999990616,4254.080083179999747,1.000000000000000,623
100180,Anderson Farm,Full Delivery,Active,Active,Neuse,03020201,03020201170040,Wayne,Northern Inner Coastal Plain,12.149677700000000,529239.960704999975860,6237.888215539999692,1.000000000000000,624
100185,Thunder,Full Delivery,Active,Active,Neuse,03020201,03020201170030,Wayne,Northern Inner Coastal Plain,41.783268640000003,1820002.482659999979660,13273.366099999999278,1.000000000000000,625
100190,Maple Swamp Wetland,Full Delivery,Active,Active,Tar-Pamlico,03020102,03020102060010,Edgecombe,Northern Inner Coastal Plain,15.344111490000000,668389.496475000050850,4424.521527779999815,1.000000000000000,626
95350,Pee Dee Stream Restoration Site,Full Delivery,Inactive,Long Term Mangement,Yadkin,03040104,03040104020020,Montgomery,Southern Piedmont,21.008893380000000,915147.395610000006855,14260.119691300000341,1.000000000000000,627
92105,Mill Creek Steele,Design-Bid-Build,Inactive,Long Term Mangement,Yadkin,03040101,03040101080010,Surry,Central Piedmont,14.732454260000001,641745.760683999978937,3645.620158960000026,1.000000000000000,628
95359,Poplin Ridge Site,Full Delivery,Inactive,Long Term Mangement,Yadkin,03040105,03040105070050,Union,Southern Piedmont,27.097858660000000,1181613.495259999996051,18706.723089800001617,1.000000000000000,629
100041,Odell's House Mitigation Project,Full Delivery,Active,Active,Neuse,03020201,03020201180050,Johnston,Northern Inner Coastal Plain,15.090840620000000,657357.017559999949299,9442.420300820000193,1.000000000000000,630
100069,Monkey Wall Project,Full Delivery,Active,Active,French Broad,06010108,06010108060010,Mitchell,Northern Mountains,25.283593350000000,1101387.824620000086725,5019.152196619999813,1.000000000000000,631
100142,Cool Run,Full Delivery,Active,Active,Lumber,03040207,03040207020060,Brunswick,Southern Outer Coastal Plain,25.569768209999999,1113819.103200000012293,5626.056722960000116,1.000000000000000,632
100128,Dales Creek Site,Full Delivery,Active,Active,French Broad,06010105,06010105090020,Buncombe,Southern Mountains,7.681342350000000,334599.272692999977153,7320.607837919999838,1.000000000000000,633
100120,Oak Hill Dairy Site,Full Delivery,Active,Active,Catawba,03050102,03050102050010,Gaston,Southern Piedmont,19.936301709999999,868425.302509999950416,8537.003988500000560,1.000000000000000,634
100115,Swamp Grape,Full Delivery,Active,Active,Lumber,03040204,03040204048010,Robeson,Southern Piedmont,24.682479069999999,1075168.788089999929070,7743.975066500000139,1.000000000000000,635
100114,Longhorn,Full Delivery,Inactive,Long Term Mangement,Cape Fear,03030003,03030003010060,Randolph,Central Piedmont,20.713459640000000,902278.301743000047281,4939.142454220000218,1.000000000000000,636
100170,Six Runs,Full Delivery,Active,Active,Cape Fear,03030006,03030006110010,Sampson,Southern Inner Coastal Plain,30.940083829999999,1347750.051729999948293,14426.940038000000641,1.000000000000000,637
100191,Colonial Farms,Full Delivery,Active,Active,Tar-Pamlico,03020103,03020103010020,Edgecombe,Northern Inner Coastal Plain,21.817549920000001,950379.035770999966189,4078.230571890000192,1.000000000000000,638
95808,Owls Den Mitigation Site,Full Delivery,Inactive,Long Term Mangement,Catawba,03050102,03050102040040,Lincoln,Southern Piedmont,12.865707810000000,560430.232206000015140,4390.708752970000205,1.000000000000000,639
94648,UT to Town Creek,Full Delivery,Inactive,Long Term Mangement,Yadkin,03040105,03040105060040,Stanly,Southern Piedmont,25.095155049999999,1093144.953960000071675,12880.486461799999233,1.000000000000000,640
100181,Thunder Swamp,Full Delivery,Active,Active,Neuse,03020201,03020201170030,Wayne,Northern Inner Coastal Plain,13.342271580000000,581189.350025999941863,4559.748491970000032,1.000000000000000,641
100171,Bridgefork Dairy,Full Delivery,Active,Active,Broad,03050105,03050105100020,Cleveland,Southern Piedmont,42.920895899999998,1869634.225610000081360,23676.193095700000413,1.000000000000000,642
100182,Little River Ford,Full Delivery,Active,Active,Neuse,03020201,03020201180060,Johnston,Northern Inner Coastal Plain,9.834922850000000,428409.239218999980949,6776.758131020000292,1.000000000000000,643
100186,Carraway Bluff,Full Delivery,Active,Active,Neuse,03020201,03020201170060,Wayne,Northern Inner Coastal Plain,25.343388330000000,1103957.995649999938905,16188.076158699999723,1.000000000000000,644
100127,Morgan Branch Site,Full Delivery,Active,Active,French Broad,06010105,06010105090020,Buncombe,Southern Mountains,38.247598900000000,1666065.408199999947101,41348.296339499996975,1.000000000000000,645
100175,Cornbread Valley,Full Delivery,Active,Active,Little Tennessee,06010202,06010202020030,Macon,Southern Mountains,18.373169399999998,800335.259131000027992,18551.477125699999306,1.000000000000000,646
100193,Stinking Quarter,Full Delivery,Active,Active,Cape Fear,03030002,03030002040070,Guilford,Central Piedmont,107.578905430000006,4686137.120380000211298,44544.545830299997760,1.000000000000000,647
100176,Kingfield,Full Delivery,Active,Active,Neuse,03020204,03020204010071,Jones,Southern Outer Coastal Plain,8.592785570000000,374301.739243999996688,6349.548257249999551,1.000000000000000,648
100183,Coor Island,Full Delivery,Active,Active,Neuse,03020201,03020201200030,Wayne,Northern Inner Coastal Plain,11.520007359999999,501811.520590999978594,5675.442674769999940,1.000000000000000,649
100062,Banner Farm Mitigation Site,Full Delivery,Active,Active,French Broad,06010105,06010105020010,Henderson,Southern Mountains,46.560135260000003,2028159.491780000040308,15400.055098400000134,1.000000000000000,650
100206,Oakley's Bend,Full Delivery,Active,Active,Tar-Pamlico,03020101,03020101010020,Person,Central Piedmont,47.386748070000003,2064166.746079999953508,12750.659596400000737,1.000000000000000,651
100210,Running Dog,Full Delivery,Active,Active,Yadkin,03040105,03040105030020,Union,Southern Piedmont,15.777206380000001,687255.109963999944739,10003.421858600000633,1.000000000000000,652
100188,Wicomico,Full Delivery,Active,Active,Tar-Pamlico,03020103,03020103010010,Edgecombe,Northern Inner Coastal Plain,4.357707370000000,189821.732901000010315,4128.146642110000357,1.000000000000000,653
94903,Little Pine Creek III,Design-Bid-Build,Inactive,Long Term Mangement,New,05050001,05050001030030,Alleghany,Northern Mountains,57.323763919999998,2497023.156390000134706,26181.512252000000444,1.000000000000000,654
97080,Edwards-Johnson Mitigation Project,Full Delivery,Inactive,Long Term Mangement,Neuse,03020201,03020201180050,Johnston,Northern Inner Coastal Plain,10.963285290000000,477558.796935999998823,6818.690419620000284,1.000000000000000,655
100081,UT to Magness Creek,Full Delivery,Active,Active,Broad,03050105,03050105080060,Cleveland,Southern Piedmont,11.663557689999999,506834.771153000008781,6441.929722269999729,1.000000000000000,656
100196,Cow Branch,Full Delivery,Active,Active,Lumber,03040206,03040206060010,Columbus,Southern Inner Coastal Plain,34.398627890000000,1498404.230810000095516,7430.067169719999583,1.000000000000000,657
100178,Sassafras,Full Delivery,Active,Active,Neuse,03020201,03020201200030,Wayne,Northern Inner Coastal Plain,12.576812980000000,547845.973579999990761,9905.838119780000852,1.000000000000000,658
100204,Haunted Creek,Full Delivery,Active,Active,Little Tennessee,06010202,06010202040040,Macon,Southern Mountains,12.794551750000000,557330.674016000004485,4755.008323490000294,1.000000000000000,659
100594,Bandys Farm,Full Delivery,Active,Active,Catawba,03050101,03050101150030,Catawba,Central Piedmont,31.894064270000001,1389305.439580000005662,15705.281077899999218,1.000000000000000,660
739,Big Harris Creek,Design-Build,Inactive,Long Term Mangement,Broad,03050105,03050105080060,Cleveland,Southern Piedmont,144.759031880000009,6305703.428659999743104,75258.451585000002524,1.000000000000000,661
92762,Clarks Creek,Full Delivery,Active,Active,Yadkin,03040104,03040104020020,Montgomery,Southern Piedmont,24.904228270000001,1077219.173780000070110,17731.748395099999470,1.000000000000000,662
94151,North Fork Mountain Creek Mit. Site,Full Delivery,Inactive,Long Term Mangement,Catawba,03050101,03050101150030,Catawba,Central Piedmont,17.121549020000000,745814.675460999947973,10188.594624499999554,1.000000000000000,663
92224,Ballance Farm (Buffer) (G),Full Delivery,Inactive,Long Term Mangement,Neuse,03020203,03020203060020,Wayne,Northern Inner Coastal Plain,56.087874720000002,2443187.822620000224560,16813.043371799998567,1.000000000000000,664
100184,Pickle Creek,Full Delivery,Active,Active,Neuse,03020201,03020201170030,Wayne,Northern Inner Coastal Plain,18.080229979999999,787574.817907999968156,12116.605871100000513,1.000000000000000,665
100179,Chappels Creek,Full Delivery,Active,Active,Neuse,03020201,03020201010010,Person,Central Piedmont,49.255155799999997,2145554.586459999904037,18488.252657799999724,1.000000000000000,666
100192,Mushroom Meadow,Full Delivery,Active,Active,Roanoke,03010104,03010104021080,Caswell,Central Piedmont,32.364732040000000,1409807.727879999903962,10360.454382100000657,1.000000000000000,667
100650,Coor Island Phase B,Full Delivery,Active,Active,Neuse,03020201,03020201200030,Wayne,Northern Inner Coastal Plain,17.798576059999998,775305.972982999985106,10247.635127199999260,1.000000000000000,668
100593,Love Cats,Full Delivery,Active,Active,Catawba,03050102,03050102050010,Lincoln,Southern Piedmont,25.073083400000002,1092183.512850000057369,12038.823075500000414,1.000000000000000,669
95020,Byrd's Creek Mitigation Site,Full Delivery,Inactive,Long Term Mangement,Neuse,03020201,03020201010020,Person,Central Piedmont,23.821187219999999,1037650.915099999983795,13578.878930799999580,1.000000000000000,670
100023,Stewarts Creek Tributaries,Full Delivery,Active,Active,Yadkin,03040101,03040101100010,Surry,Central Piedmont,29.977616470000001,1305819.749920000089332,19539.201197800000955,1.000000000000000,671
100045,Burnetts Chapel Phase 2,Full Delivery,Inactive,Long Term Mangement,Cape Fear,03030003,03030003010050,Guilford,Central Piedmont,7.496464040000000,326544.667536999972071,13086.013504000000466,1.000000000000000,672
100025,Key Mill Site,Full Delivery,Active,Active,Yadkin,03040101,03040101110040,Surry,Central Piedmont,20.811101610000001,906527.959895999985747,13554.357009999999718,1.000000000000000,673
100078,Wingfoot Riparian Buffer Mitigation Site,Full Delivery,Inactive,Long Term Mangement,Neuse,03020203,03020203070030,Pitt,Northern Inner Coastal Plain,22.313730880000001,971982.229004999971949,10931.974371800000881,1.000000000000000,674
100592,Riverbend,Full Delivery,Active,Active,Catawba,03050102,03050102040010,Lincoln,Southern Piedmont,31.910949670000001,1390040.967680000001565,8590.303947020000123,1.000000000000000,675
10073, , , , , , , , , ,49.892108069999999,2173300.227510000113398,6803.434944380000161,1.000000000000000,676
10012, , , , , , , , , ,0.373375010000000,16264.215241399999286,1000.371881639999970,1.000000000000000,677
100172,Tiger Falls,Full Delivery,Active,Active,Broad,03050105,03050105100010,Cleveland,Southern Piedmont,34.843872689999998,1517799.094389999983832,18517.860050600000250,1.000000000000000,678
56,Bugaboo Creek,Design-Bid-Build,Inactive,Long Term Mangement,Yadkin,03040101,03040101070010,Wilkes,Northern Mountains,16.376691900000001,527268.066759999957867,13448.965702999999849,1.000000000000000,679
94687,Crooked Creek #2,Design-Bid-Build,Inactive,Long Term Mangement,Yadkin,03040105,03040105040010,Union,Southern Piedmont,54.630401010000000,2379700.267990000080317,8737.723439159999543,1.000000000000000,680
100049,Groundhog Hollow,Full Delivery,Active,Active,Catawba,03050101,03050101120030,Alexander,Central Piedmont,20.576960740000001,896332.409667999949306,12662.098189799999091,1.000000000000000,681
92657,Little Warrior,Design-Bid-Build,Inactive,Long Term Mangement,Yadkin,03040101,03040101010110,Wilkes,Northern Mountains,14.747328760000000,642393.640674000023864,7416.874289049999788,1.000000000000000,682
100203,Falcon Site,Full Delivery,Active,Active,Little Tennessee,06010202,06010202020030,Macon,Southern Mountains,15.420079380000001,671698.657630000030622,15091.361610100000689,1.000000000000000,683
100639,Big Buffalo,Full Delivery,Active,Active,Cape Fear,03030003,03030003070010,Chatham,Central Piedmont,88.326705840000002,3847511.306410000193864,40252.689114900000277,1.000000000000000,684
100628,Buckhead Subdivision,Design-Build,Active,Active,Cape Fear,03030004, ,Cumberland,Southern Inner Coastal Plain,4.420413440000000,192553.209460999991279,3655.599746840000080,1.000000000000000,685
100651,Thunder Phase B,Full Delivery,Active,Active,Neuse,03020201,03020201170030,Wayne,Northern Inner Coastal Plain,13.484832559999999,587399.306140000000596,11509.064083400000527,1.000000000000000,686
100647,Cow Tail,Full Delivery,Active,Active,Lumber,03040203,03040203190010,Columbus,Southern Inner Coastal Plain,60.374423499999999,2629909.887689999770373,9761.474070289999872,1.000000000000000,687
100637,Bluebird,Full Delivery,Active,Active,Cape Fear,03030003,03030003070020,Chatham,Central Piedmont,21.691618620000000,944886.907196999993175,12350.332259099999646,1.000000000000000,688
87,Chavis Park,Design-Bid-Build,Inactive,Long Term Mangement,Neuse,03020201,03020201090010,Wake,Central Piedmont,4.466033480000000,194540.418416000000434,4591.589335149999897,1.000000000000000,689
100636,Devil's Alley,Full Delivery,Active,Active,Cape Fear,03030003,03030003070010,Chatham,Central Piedmont,23.898371670000000,1041013.069890000042506,12113.206292900000335,1.000000000000000,690
100648,Kinlaw,Full Delivery,Active,Active,Cape Fear,03030004,03030004140020,Cumberland,Southern Inner Coastal Plain,29.406880619999999,1280963.719989999895915,9693.635857069999474,1.000000000000000,691
100652,Muscadine,Full Delivery,Active,Active,Neuse,03020201,03020201170030,Wayne,Northern Inner Coastal Plain,34.908677210000000,1520621.979229999938980,11649.179950699999608,1.000000000000000,692
100597,Casey Creek,Hybrid,Active,Active,Neuse,03020201,03020201170010,Wayne,Northern Inner Coastal Plain,25.091065530000002,1092966.814560000086203,10438.141929699999309,1.000000000000000,693
94799,PRMUSACE - HPS&R EPA Settlement,Design-Bid-Build,Inactive,Long Term Mangement,White Oak,03030001,03030001010010,Onslow,Southern Outer Coastal Plain,100.000079400000004,4356003.458700000308454,9927.159692459999860,1.000000000000000,694
264,Neu-Con MBI (Alexander),Full Delivery,Inactive,Credit Purchase Complete,Neuse,03020203,03020203050030,Greene,Northern Inner Coastal Plain,22.320893320000000,972298.113055999972858,5155.702355209999951,1.000000000000000,695
94798,PRMUSACE - Nucor Steel,Design-Bid-Build,Inactive,Long Term Mangement,Chowan,03010203,03010203010010,Hertford,Northern Outer Coastal Plain,150.394455039999997,6551182.461539999581873,13248.264456799999607,1.000000000000000,696
94802,Reed Creek,Design-Bid-Build,Inactive,Long Term Mangement,French Broad,06010105,06010105010010,Buncombe,Southern Mountains,1.320409070000000,57517.019222499999159,2248.130126019999807,1.000000000000000,697
442,UT to West Fork of Deep River (G),Design-Bid-Build,Active,Active,Cape Fear,03030003,03030003010010,Guilford,Central Piedmont,16.621929949999998,724051.268686000024900,9988.762535289999505,1.000000000000000,698
100046,RES Randleman Group A,Full Delivery,Inactive,Long Term Mangement,Cape Fear,03030003,03030003010060,Randolph,Central Piedmont,50.529435569999997,2201062.213270000182092,23479.610537399999885,1.000000000000000,699
100129,PRMUSACE - Holiday Shores,Design-Bid-Build,Inactive,Long Term Mangement,Pasquotank,03010205, ,Dare,Northern Outer Coastal Plain,0.500036940000000,21781.522046999998565,838.835504753000009,1.000000000000000,700
100040,Sassarixa Swamp Mitigation Site,Full Delivery,Active,Active,Neuse,03020201,03020201130030,Johnston,Northern Inner Coastal Plain,64.860145849999995,2825307.953089999966323,28986.891069299999799,1.000000000000000,701
100026,Horne Creek Tributaries,Full Delivery,Active,Active,Yadkin,03040101,03040101110070,Surry,Central Piedmont,11.852134670000000,516007.869713000021875,10856.634766299999683,1.000000000000000,702
100205,Valle Crucis Site,Full Delivery,Active,Active,Watauga,06010103,06010103010010,Watauga,Northern Mountains,13.252305209999999,577270.414838999975473,10891.248187900000630,1.000000000000000,703
100646,Angel Farm,Full Delivery,Active,Active,Roanoke,03010104,03010104021020,Caswell,Central Piedmont,20.281444969999999,883459.742790000047535,10222.089117600000463,1.000000000000000,704
100623,PRMUSACE - Grey Fox Run,Design-Bid-Build,Inactive,Long Term Mangement,Tar-Pamlico,03020103, ,Pitt,Northern Inner Coastal Plain,3.757257920000000,163666.154990000010002,1724.206782089999933,1.000000000000000,705
100131,PRMUSACE - Biltmore Farms,Design-Bid-Build,Inactive,Long Term Mangement,French Broad,06010105, ,Buncombe,Southern Mountains,12.336004120000000,544512.041226999950595,16142.861837899999955,1.000000000000000,706
100609,PRMUSACE - William H Holmes IV,Design-Bid-Build,Inactive,Long Term Mangement,Pasquotank,03010205, ,Dare,Northern Outer Coastal Plain,0.321620850000000,14009.804217200000494,568.365739931999997,1.000000000000000,707
100608,PRMUSACE - Charles D Hinson,Design-Bid-Build,Inactive,Long Term Mangement,Pasquotank,03010205, ,Dare,Northern Outer Coastal Plain,0.445460600000000,7788.342366820000279,568.292071157000009,1.000000000000000,708
100148,PRMUSACE - Adams Landing,Design-Bid-Build,Inactive,Long Term Mangement,Pasquotank,03010205, ,Pasquotank,Northern Outer Coastal Plain,22.472774240000000,978914.046006000018679,15005.342748999999458,1.000000000000000,709
100202,PRMUSACE - Doerr,Design-Bid-Build,Inactive,Long Term Mangement,Pasquotank,03010205, ,Dare,Northern Outer Coastal Plain,0.994696970000000,43329.000175200002559,1563.330442299999959,1.000000000000000,710
100616,PRMUSACE - Oscar Y Rivera,Design-Bid-Build,Inactive,Long Term Mangement,Pasquotank,03010205, ,Dare,Northern Outer Coastal Plain,0.522280160000000,22750.523791999999958,1396.580568730000095,1.000000000000000,711
100088,PRMUSACE - 3M Deep River Moncure Site,Design-Bid-Build,Inactive,Long Term Mangement,Cape Fear,03030004, ,Lee,Southern Piedmont,67.690887590000003,2948615.063480000011623,8571.729247449999093,1.000000000000000,712
100624,PRMUSACE - Western Dare LLC,Design-Bid-Build,Inactive,Long Term Mangement,Pasquotank,03010205, ,Dare,Northern Outer Coastal Plain,6.518840100000000,283960.674693999986630,3309.435869349999848,1.000000000000000,713
100610,PRMUSACE - Julia A Appleget,Design-Bid-Build,Inactive,Long Term Mangement,Pasquotank,03010205, ,Dare,Northern Outer Coastal Plain,0.095853990000000,4175.399792739999612,277.674257635000004,1.000000000000000,714
100611,PRMUSACE - Kinnakeet Shores Lot 1704,Design-Bid-Build,Inactive,Long Term Mangement,Pasquotank,03010205, ,Dare,Northern Outer Coastal Plain,0.328223000000000,14297.393771299999571,588.011394646999975,1.000000000000000,715
100618,PRMUSACE - The Villages at Ocean Hill,Design-Bid-Build,Inactive,Long Term Mangement,Pasquotank,03010205, ,Currituck,Northern Outer Coastal Plain,6.946353420000000,302583.155134000000544,8270.198213499999838,1.000000000000000,716
100620,PRMUSACE - Carlyle on the Sound 2,Design-Bid-Build,Inactive,Long Term Mangement,Pasquotank,03010205, ,Dare,Northern Outer Coastal Plain,7.123291490000000,310290.577381999988575,4061.492836800000077,1.000000000000000,717
100617,PRMUSACE - River's Edge,Design-Bid-Build,Inactive,Long Term Mangement,Pasquotank,03010205, ,Perquimans,Northern Outer Coastal Plain,8.416236180000000,366611.248206000018399,3514.984022789999926,1.000000000000000,718
100629,PRMUSACE - Hatteras Kinnakeet Assn at Avon LLC,Design-Bid-Build,Inactive,Long Term Mangement,Pasquotank,03010205, ,Dare,Northern Outer Coastal Plain,0.200001730000000,8712.075362409999798,375.539809046000016,1.000000000000000,719
100619,PRMUSACE - Carlyle on the Sound,Design-Bid-Build,Inactive,Long Term Mangement,Pasquotank,03010205, ,Dare,Northern Outer Coastal Plain,7.592784700000000,330741.701653999974951,3917.040085279999857,1.000000000000000,720
100621,PRMUSACE - Bramble West,Design-Bid-Build,Inactive,Long Term Mangement,Pasquotank,03010205, ,Dare,Northern Outer Coastal Plain,6.166283890000000,268603.326036999991629,4957.988604909999594,1.000000000000000,721
100604,PRMUSACE - Kitty Hawk Woods Lot 422,Design-Bid-Build,Inactive,Long Term Mangement,Pasquotank,03010205, ,Dare,Northern Outer Coastal Plain,0.035925730000000,1564.924722470000006,176.434362139000001,1.000000000000000,722
100612,PRMUSACE - Mann's Harbor,Design-Bid-Build,Inactive,Long Term Mangement,Pasquotank,03010205, ,Dare,Northern Outer Coastal Plain,0.610529300000000,26594.656222699999489,1021.953870479999978,1.000000000000000,723
100631,PRMUSACE - Lowe's Home Centers Inc.,Design-Bid-Build,Inactive,Long Term Mangement,Pasquotank,03010205, ,Currituck,Northern Outer Coastal Plain,20.223194270000000,880922.342586999991909,4417.000305489999846,1.000000000000000,724
100632,PRMUSACE - Builders Discount Ctr,Design-Bid-Build,Inactive,Long Term Mangement,Neuse,03020204, ,Craven,Southern Outer Coastal Plain,2.659946110000000,115867.252617000005557,3023.908084979999785,1.000000000000000,725
100626,PRMUSACE - 1548 Duck Road,Design-Bid-Build,Inactive,Long Term Mangement,Pasquotank,03010205, ,Dare,Northern Outer Coastal Plain,0.088061620000000,3835.964072220000162,258.773471534999999,1.000000000000000,726
100614,PRMUSACE - Panther Creek Cary Park,Design-Bid-Build,Inactive,Long Term Mangement,Neuse,03020201, ,Wake,Central Piedmont,35.829974499999999,1560854.190440000034869,12021.823408599999311,1.000000000000000,727
100606,PRMUSACE - Self & Stallings,Design-Bid-Build,Inactive,Long Term Mangement,Pasquotank,03010205, ,Dare,Northern Outer Coastal Plain,0.158162060000000,6889.539472829999795,375.719212269000025,1.000000000000000,728
100641,Golden Hills,Full Delivery,Active,Active,Cape Fear,03030003,03030003010080,Guilford,Central Piedmont,52.140837570000002,2271254.884659999981523,24125.838810299999750,1.000000000000000,729
100645,Totten,Full Delivery,Active,Active,Tar-Pamlico,03020101,03020101020010,Granville,Central Piedmont,30.188423980000000,1315007.748669999884441,7300.102192090000244,1.000000000000000,730
100151,Middendorf Springs,Full Delivery,Active,Active,Yadkin,03040201,03040201020030,Anson,Southern Piedmont,74.358716979999997,3239065.711699999868870,43902.137937200001033,1.000000000000000,731
92609,Four Mile Creek - DBB,Design-Bid-Build,Active,Active,Catawba,03050103,03050103020070,Mecklenburg,Southern Piedmont,9.045296240000001,394013.104168999998365,7820.620786649999900,1.000000000000000,732
100124,PRMUSACE - Bermuda Bay,Design-Bid-Build,Inactive,Long Term Mangement,Pasquotank,03010205, ,Dare,Northern Outer Coastal Plain,3.098144710000000,134955.183596999995643,2551.506215700000212,1.000000000000000,733
100640,Big Bison,Full Delivery,Active,Active,Cape Fear,03030003,03030003020070,Chatham,Central Piedmont,60.757015690000003,2646575.603370000142604,31184.654276199999003,1.000000000000000,734
100642,Hunter's Moon,Full Delivery,Active,Active,Cape Fear,03030003,03030003070020,Chatham,Central Piedmont,37.249951430000003,1622607.884450000012293,17084.280881999999110,1.000000000000000,735
100644,Cannonball,Full Delivery,Active,Active,Catawba,03050102,03050102070020,Gaston,Southern Piedmont,47.620423350000003,2074345.641330000013113,10146.691693299999315,1.000000000000000,736
100655,Big Alamance,Full Delivery,Active,Active,Cape Fear,03030002,03030002040010,Guilford,Central Piedmont,25.110622809999999,1093818.729659999953583,11450.400202700000591,1.000000000000000,737
100679,Heron Falls,Full Delivery,Active,Active,Catawba,03050101,03050101100030,Caldwell,Northern Mountains,35.135677319999999,1530510.104019999969751,19628.501014599998598,1.000000000000000,738
100638,Dirty Boots,Full Delivery,Active,Active,Cape Fear,03030003,03030003070050,Chatham,Central Piedmont,13.824326700000000,602187.670844999956898,7732.889284380000390,1.000000000000000,739
100680,Whiskey Jug,Full Delivery,Active,Active,Catawba,03050101,03050101140010,Catawba,Central Piedmont,49.540467309999997,2157982.755830000154674,14854.562999800000398,1.000000000000000,740
100643,Mudhoney,Full Delivery,Active,Active,Cape Fear,03030003,03030003070050,Chatham,Central Piedmont,32.042918720000003,1395789.539379999972880,17000.909276900001714,1.000000000000000,741
100653,Stoney Creek Wayne Community College Flood Resiliency Project,Full Delivery,Active,Active,Neuse,03020202, ,Wayne,Northern Inner Coastal Plain,12.172561200000001,530236.765741999959573,3202.512987269999940,1.000000000000000,742
100627,Providence Flat Swamp Forest,Design-Bid-Build,Active,Active,Catawba,03050101, ,Mecklenburg,Southern Piedmont,17.883650129999999,779011.799668999970891,4225.323273369999697,1.000000000000000,743
100681,Azalee,Full Delivery,Active,Active,Yadkin,03040201,03040201020030,Anson,Southern Piedmont,25.013822860000001,1089602.123769999947399,7876.497670880000442,1.000000000000000,744
100605,PRMUSACE - Skyco Warehouse,Design-Bid-Build,Inactive,Long Term Mangement,Pasquotank,03010205, ,Dare,Northern Outer Coastal Plain,0.569999420000000,24829.174854199998663,774.725100922000024,1.000000000000000,745
100656,Moon Cabin,Full Delivery,Active,Active,Yadkin,03040105,03040105030020,Union,Southern Piedmont,11.157782950000000,486033.025130000023637,5929.897924810000404,1.000000000000000,746
100676,Baha Branch,Full Delivery,Active,Active,White Oak,03030001,03030001010030,Onslow,Southern Outer Coastal Plain,39.095346980000002,1702993.314310000045225,8644.387390179999784,1.000000000000000,747
100622,PRMUSACE - Topsail High School Expansion,Design-Bid-Build,Inactive,Long Term Mangement,Cape Fear,03030007, ,Pender,Southern Outer Coastal Plain,25.103375010000001,1093503.015529999975115,5366.027863960000104,1.000000000000000,748
100613,PRMUSACE - Mann's Harbor Mashoes Road Gates Property,Design-Bid-Build,Inactive,Long Term Mangement,Pasquotank,03010205, ,Dare,Northern Outer Coastal Plain,0.999759030000000,43549.503264699997089,2561.507449000000179,1.000000000000000,749
100630,PRMUSACE - Swan View Shores,Design-Bid-Build,Inactive,Long Term Mangement,Pasquotank,03010205, ,Dare,Northern Outer Coastal Plain,0.973560810000000,42408.308903700002702,1637.819306280000092,1.000000000000000,750
100694,Thunder Rolls,Full Delivery,Active,Active,Neuse,03020201,03020201170050,Wayne,Northern Inner Coastal Plain,11.462069400000001,499287.743167000007816,8208.330025510000269,1.000000000000000,751
100678,Hulsey,Full Delivery,Active,Active,Cape Fear,03030004,03030004070010,Moore,Southern Piedmont,35.995264460000001,1567953.917129999957979,15862.873299900000347,1.000000000000000,752
100602,PRMUSACE - 3M Rocky River,Design-Bid-Build,Inactive,Long Term Mangement,Cape Fear,03030003, ,Chatham,Central Piedmont,38.601348010000002,1681474.719240000005811,9638.997514560000127,1.000000000000000,753
100693,Crazy Diamond,Full Delivery,Active,Active,Yadkin,03040105,03040105081060,Anson,Southern Piedmont,31.657274529999999,1378990.878439999883994,8226.035129649999362,1.000000000000000,754
221,Little Beaver Creek,Design-Bid-Build,Active,Active,Cape Fear,03030002,03030002060160,Wake,Central Piedmont,55.809555869999997,2431064.253579999785870,12253.372043999999732,1.000000000000000,755
